English, Tamil
sauti said, சௌதி சொன்னார்
the nagas after consultation arrived at the conclusion that they should do their mothers bidding, தாயின் கத்ருவின் ஆசை நிராசையானால்
for she failed in obtaining her desire she might withdraw her affection and burn them all, அவள் தங்கள் மீது வைத்திருக்கும் பாசத்தைத் துறந்து தங்களை எரித்துவிடுவாளோ என்ற பயத்தில்
on the other hand, பாம்புகள் தங்களுக்குள் கலந்து பேசி
she were graciously inclined, அவளது ஆணையை நிறைவேற்றுவது என்று முடிவு செய்தனர்
she might free them from her curse, மற்றொருபுறம்
they said, அவள் கருணை தங்களுக்குக் கிடைக்குமானால்
we will certainly render the horses tail black, தங்களைச் சாபத்திலிருந்து விடுவிப்பாள் என்ற எண்ணத்தில்
and it is said that they then went and became hairs in the horses tail, நாம் நிச்சயமாகக் குதிரையின் வாலைக் கருப்பாக்குவோம் என்றனர்
now the two co-wives had laid the wager, பிறகு அந்தப் பாம்புகள் சென்று குதிரையின் வாலின் முடிகளாக மாறினர் என்று சொல்லப்படுகிறது
and having laid the wager, பந்தயம் கட்டிக்கொண்ட அந்தச் சக்களத்திகளும் கசியபரின் மனைவிகள்
o best of brahmanas, ஓ பிராமணர்களில் சிறந்தவரே
the two sisters kadru and vinata, தக்ஷனின் மகள்களும்
the daughters of daksha, சகோதரிகளுமான கத்ரு மற்றும் வினதை ஆகிய இருவரும்
proceeded in great delight along the sky to see the other side of the ocean, கடலின் அக்கரையைக் காண வான் வெளியில் மகிழ்ச்சியுடன் விரைந்தனர்
and on their way they saw the ocean, அப்படிச் செல்லும்போது
that receptacle of waters, எளிதாகக் கலங்கடிக்கப்பட முடியாததான அந்த நீர்ப்பாத்திரமானது
incapable of being easily disturbed, திடீரென்று வலிமைமிகுந்த காற்றால் அசைக்கப்பட்டுப் பேரொலியுடன் கர்ஜிப்பதைக் கண்டனர்
mightily agitated all of a sudden by the wind, திமிங்கலங்களையே விழுங்கும் பெரிய மீன்கள்
and roaring tremendously, மகரங்கள்
abounding with fishes capable of swallowing the whale and full of makaras, ஆயிரக்கணக்கான வெவ்வெறு வடிவங்களிலாலான பல்வேறு உயிரிகளுடன்
containing also creatures of diverse forms counted by thousands, கொடுமையான பெரும் விலங்குகளுடன் அச்சத்தைத் தருவதாக
frightful from the presence of horrible monsters, அணுக முடியாத ஆழத்தோடு பயங்கரமாக
inaccessible, எல்லா வகையான ரத்தினங்களின் சுரங்கமாக
deep, வருணனின் நீர் கடவுள் இல்லமாக
and terrible, நாகர்களின் வசிப்பிடமாக
the mine of all kinds of gems, ஆறுகள் அனைத்திற்கும் அரசனாக
the home of varuna the water-god, பூமிக்கடியில் உள்ள நெருப்பின் இருப்பிடமாக
the wonderful habitations of the nagas, அசுரர்களுக்கு வசிப்பிடமாக
the lord of rivers, எல்லாப் பயங்கரமான உயிரினங்களுக்கும் இருப்பிடமாக
the abode of the subterranean fire, நீர்க்களஞ்சியமாக
the residence of the asuras and of many dreadful creatures, அழுகுதலில்லாமல் கெடாமல் நறுமணம் மிக்கதாக
the reservoir of water, அற்புதமானதாக
not subject to decay, தேவர்களுடைய அமுதத்தின் ஊற்றாக
aromatic, அளக்கமுடியாததாக
and wonderful, புத்திக்கு எட்டாததாக
the great source of the amrita of the celestials, புனிதமான நீரைக் கொண்டதாக
immeasurable and inconceivable, ஆயிரக்கணக்கான பெரிய ஆறுகளின் நீரினால் விளிம்பு வரை நிறைந்திருந்ததாக
containing waters that are holy, அலைகள் நாட்டியமாடிக்கொண்டிருந்த
filled to the brim by many thousands of great rivers, கடலை அவர்கள் கண்டனர்
dancing as it were in waves, புரளும் அலைகளுடன் விண்ணைப் போல் பெரும்பரப்புக் கொண்டதாக
such was the ocean, ஆழமானதாக
full of rolling waves, பூமிக்கடியில் உள்ள நெருப்பினால் சுடர்மேனி கொண்டதாக
vast as the expanse of the sky, பூமிக்கடியில் உள்ள நெருப்பினால் சுடர்மேனி கொண்டதாக
deep, கர்ஜனை செய்வதாக இருந்த அந்தக் கடலைச் சகோதரிகள் இருவரும் கத்ருவும்
of body lighted with the flames of subterranean fire, கர்ஜனை செய்வதாக இருந்த அந்தக் கடலைச் சகோதரிகள் இருவரும் கத்ருவும்
and roaring, வினதையும் வேகமாகக் கடந்தனர் என்றார் சௌதி
which the sisters quickly passed over, வினதையும் வேகமாகக் கடந்தனர் என்றார் சௌதி
sauti said, சௌதி சொன்னார் கடலைக் கடந்ததும்
having crossed the ocean, துரிதமான வேகம் கொண்ட கத்ரு தன் சகோதரி வினதையுடன் குதிரைக்கு அருகில் இறங்கினாள்
kadru of swt speed, அவர்கள் இருவரும் வேகமாக ஓடக்கூடிய குதிரைகளில் முதன்மையான அந்தக் குதிரை உச்சைஸ்ரவஸ்
accompanied by vinata, சந்திரக்கதிர்களைப் போல உடல் முழுவதும் வெள்ளையாகவும்
soon alighted near the horse, வாலில் கருமுடிகளுடன் இருந்ததையும் கண்டனர்
they then both beheld that foremost of steeds of great speed, குதிரையின் வாலில் நிறையக் கருமுடிகள இருப்பதைச் சுட்டிக்காட்டிய கத்ரு
with body white as the rays of the moon but having black hairs in the tail, மிகவும் வாட்டமுற்றிருந்த வினதையைத் தனது அடிமையாக்கிக் கொண்டாள்
and observing many black hairs in the tail, இப்படிப் பந்தயத்தில் தோற்று
kadru put vinata, அடிமைத்தனத்திற்குள் தான் புகுந்துவிட்டதை எண்ணி வினதை மிகவும் வருந்தினாள்
who was deeply dejected, அதே வேளையில்
into slavery, தன் விருப்பப்படியே நினைத்த உருவெடுக்க வல்லவனும்
and thus vinata having lost the wager, நினைத்த இடத்திற்குச் செல்ல தகுந்தவனும்
entered into a state of slavery and became exceedingly sorry, நினைத்த அளவிற்கு சக்தியைப் பெருக்கிக் கொள்ளத் தக்கவனும்
in the meantime, காந்தி மிக்கவனும்
when his time came, பலசாலியுமான அந்தப் பெரும்பறவையான கருடன்
burst forth from the egg without the help of his mother, அவனது கருடனது நேரம் வந்தவுடன்
garuda of great splendour, அண்டத்தின் அனைத்து புள்ளிகளையும் பிரகாசப்படுத்திக் கொண்டு
enkindling all the points of the universe, தாயின் உதவியில்லாமல் முட்டையை உடைத்துக் கொண்டு வெளிவந்தான்
that mighty being endued with strength, நெருப்புக் குவியல் போன்ற ஒளியுடன் அவன் பயங்கரமாகப் பிரகாசித்தான்
that bird capable of assuming at will any form, மின்னலைப் போன்ற பார்வையுடனும்
of going at will everywhere, யுக முடிவின் நெருப்புக்கு ஒத்த காந்தியுடனும்
and of calling to his aid at will any measure of energy, இருந்த அந்தப் பறவையானவன் கருடன்
effulgent like a heap of fire, பிறந்தவுடனேயே வேகமாக வளர்ந்து
he shone terribly, உருவத்தைப் பெருக்கிக் கொண்டு வானத்தில் பறந்தான்
of lustre equal to that of the fire at the end of the yuga, மூர்க்கமாகவும்
his eyes were bright like the lightning-flash, மிகுந்த உணர்ச்சியுடனும் கர்ஜனை செய்த அவன் இரண்டாவது கடல் நெருப்பைப் வடவாக்னி போல அச்சந்தரும் வகையில் தோன்றினான்
and soon after birth, அவனைக் கருடனை கண்ட அனைத்துத் தேவர்களும் அச்சமுற்று
that bird grew in size and increasing his body ascended the skies, விபாவசுவிடம் அக்னியிடம் பாதுகாப்பை வேண்டினர்
fierce and vehemently roaring, அவர்கள் தன் ஆசனத்தில் அமர்ந்திருந்த
he looked as terrible as second ocean-fire, பல உருவங்கள் கொண்ட அந்தத் தேவனிடம் அக்னியிடம் பணிந்து
and all the deities seeing him, இந்த வார்த்தைகளைச் சொன்னார்கள்
sought the protection of vibhavasu agni, ஓ அக்னி
and they bowed down to that deity of manold forms seated on his seat and spake unto him these words, உமது உடலை பெருக்காதே
o agni, எம்மை உட்கொண்டு விடுவாயோ? இதோ இந்தப் பெருங்குவியலான தழல்கள் அகலமாகப் பெருகிக் கொண்டே வருகின்றனவே என்றனர்
extend not thy body! wilt thou consume us? lo, அதற்கு அக்னி
this huge heap of thy flames is spreading wide! and agni replied, ஓ அசுரர்களைத் துன்புறுத்துபவர்களே
o, நீங்கள் நினைப்பது போல அல்ல இஃது
ye persecutors of the asuras, இவன் பெரும்பலம் வாய்ந்த கருடன்
it is not as ye imagine, ஒளியில் என்னை ஒத்திருப்பவன்
this is garuda of great strength and equal to me in splendour, பெரும் சக்தி படைத்தவன்
endued with great energy, வினதையின் மகிழ்வைப் பெருக்கப் பிறந்தவன்
and born to promote the joy of vinata, நீங்கள் காணும் பிரகாசமான ஒளிக்குவியல் உங்களுக்குள் இந்த மயக்கத்தை ஏற்படுத்தியிருக்கிறது
even the sight of this heap of effulgence hath caused this delusion in you, இவன் கசியபரின் பெரும்பலம் பொருந்திய மகன்
he is the mighty son of kasyapa, நாகங்களை அழிப்பவன்
the destroyer of the nagas, தேவர்களின் நன்மையில் ஈடுபடுபவன்
engaged in the well-being of the gods, தைத்தியர்களுக்கும்
and the foe of the daityas and the rakshasas, ராட்சசர்களுக்கும் எதிரியானவன்
be not afraid of it in the least, இவனைக் கண்டு சிறிதும் அஞ்சாதீர்கள்
come with me and see, என்னுடன் வந்து பாருங்கள் என்று தேவர்களுக்குச் சொன்னான்
thus addressed, தேவர்கள்
the gods from a distance, கருடனைத் தூரத்தில் இருந்தே பார்த்து
the gods said, முனிவன் நீயே அனைத்து மந்திரங்களையும் அறிந்தவன்
thou art a rishi i, வேள்விகளில் கிடைக்கும் அவிர்பாகத்தில் பெரும்பகுதியை பகிர்பவன் நீயே
one cognisant of all mantras, எப்போதும் பிரகாசிப்பவன் நீயே
share of the largest portion in sacrices, அசைவன
ever resplendent, அசையாதன ஆகியவற்றின் தலைவன் நீயே
the controller along with the rishi wended their way towards garuda and adored him of birds, அனைத்தையும் அழிப்பவன் நீயே
the presiding spirit of the animate and the inanimate universe, அனைத்தையும் படைப்பவன் நீயே
thou art the destroyer of all, ஹிரண்யகர்பன் நீயே
the creator of all, தட்சனாகவும்
thou art the very hiranyagarbha, பிரஜாபதிகளாகவும் அனைத்தையும் படைப்பவன் நீயே
thou art the progenitor of creation in the form of daksha and the other prajapatis, இந்திரன் தேவர்களின் தலைவன் நீயே
thou art indra the king of the gods, குதிரை முகம் கொண்ட விஷ்ணுவான ஹயக்ரீவன் நீயே
thou art hayagriva the steed necked incarnation of vishnu, கணை நீயே திரிபுரத்தை எரித்த மஹாதேவரின் சிவனின் கையில் கணையாக இருந்த விஷ்ணு
thou art the arrow vishnu himself, நான்முகம் படைத்த பத்மஜன் பிரம்மன் நீயே
as he became such in the hands of mahadeva at the burning of tripura, பிராமணன் ஞானமுள்ளவன் நீயே
thou art the lord of the universe, அக்னி நீயே
thou art the mouth of vishnu, பவனன் அண்டதிலுள்ள அனைத்து பொருள்களுக்கும் தலைவன் நீயே
thou art the four-faced padmaja, அறிவு நீயே
thou art the brahmana i, எங்களை மயக்கும் மாயை நீயே
wise, ஊடுருவும் ஆவி நீயே
thou art agni, தேவர்களுக்குத் தேவன் நீயே
pavana, பெரிய உண்மை நீயே
etc, அச்சமற்றவன் நீயே
i, என்றும் மாறுதலில்லாதவன் நீயே
the presiding deity of every object in the universe, குணங்களற்ற நிர்க்குணமான பிரம்மம் நீயே
thou art knowledge, கதிரவனின் சக்தி நீயே
thou art the illusion to which we are all subject, சித்தத்தின் செயல்கள் நீயே
thou art the all-pervading spirit, எங்கள் காப்பாளன் நீயே
thou art the lord of the gods, தெய்வீகங்களின் கடல் நீயே
thou art the great truth, புனிதமானவன் நீயே
thou art fearless, இருளின் அறியாமையின் தன்மைகளற்றவன் நீயே
thou art ever unchanged, உயர்ந்த ஆறு குணங்களின் சொந்தக்காரன் நீயே
thou art brahma without attributes, எங்களால் போட்டிகளில் வெல்லப்படமுடியாதவன் நீயே
thou art the energy of the sun, உன்னிலிருந்தே எல்லாம் உற்பத்தியாயிற்று
thou art the intellectual functions, அற்புதமான செயல்கள் செய்பவன் நீயே
thou art our great protector, இருந்தவை இல்லாதவை எல்லாம் நீயே
thou art the ocean of holiness, தூய அறிவு நீயே
thou art purity, கதிரவன் தன் கதிர்களால் ஒளி தருவது போல
thou art bereft of the attributes of darkness, எங்களுக்குக் காட்சி தருபவன் நீயே
thou art the possessor of the six high attributes, அண்டத்திலுள்ள உயிருள்ளவை
thou art he who cannot be withstood in contest, உயிரற்றவை எல்லாம் நீயே
from thee have emanated all things, சூரியனின் ஒளியை மறைப்பவன் நீயே
thou art of excellent deeds, அனைத்தையும் அழிப்பவன் நீயே
thou art all that hath not been and all that hath been, அழிவது அழியாதது எல்லாமும் நீயே
thou art pure knowledge, மூர்க்கமான கருடன்
thou displayest to us, ஓ ஒளிரும் அக்னியே! கதிரவன் கோபத்தால் உயிரினங்கள் அனைத்தையும் சுட்டெரிப்பதைப் போல
as surya does by his rays, அனைத்தையும் எரிப்பவன் நீயே
this animate and inanimate universe, ஓ பயங்கரமானவனே
thou darkenest, பிரளயத்தில் நெருப்பால் எல்லாம் அழிந்தாலும் அழியாதவன் நீயே
the splendour of surya at every moment, ஓ விண்ணில் உலவும் பலம்பொருந்திய கருடா
and thou art the destroyer of all, எங்கள் பாதுகாப்பை உன்னிடம் வேண்டுகிறோம்
thou art all that is perishable and all that is imperishable, ஓ பறவைகளின் மன்னா! கருடா
o thou resplendent as agni, இயல்புக்கு மீறிய அசாதரணமான சக்தியும்
thou burnest all even as surya in his anger burneth all creatures, நெருப்புக்கு நிகரான காந்தியும் கொண்டு
o terrible one, இருள் அணுகமுடியாத மின்னலைப் போலப் பிரகாசிப்பவன் நீயே
thou resistest even as the fire that destroys everything at the time of the universal dissolution, மேகங்களைத் தொடுபவன் நீயே
o mighty garuda who movest in the skies, காரணமும் காரியமும் நீயே
we seek thy protection, வரங்களைத் தருபவனும்
o lord of birds thy energy is extraordinary, வெல்ல முடியாத வீரத்தைக் கொண்டவனும் நீயே
thy splendour is that of fire, ஓ தேவனே! புடம்போட்ட தங்கம்போல இந்த அண்டமே உன் காந்தியால் வெப்பமடைந்தது
thy brightness is like that of the lightning that no darkness can approach, உன்னைக்கண்ட அச்சத்தால் அங்குமிங்கும் தங்கள் வாகனங்களில் தேவலோகத்தில் பறந்து திரியும் உயர் ஆன்மத் தேவர்களைக் காப்பாயாக
thou reachest the very clouds, ஓ பறவைகளில் சிறந்தவனே! கருடா
and art both the cause and the effect, அனைத்துக்கும் தலைவன் நீயே
the dispenser of boons and invincible in prowess, கருணையுள்ள உயர் ஆன்ம முனிவர் கசியபரின் புதல்வன் நீயே
o lord, அண்டத்தின் மீது கோபங்கொள்ளாமல் கருணை கொள்வாயாக
this whole universe is rendered hot by thy splendour, யாவற்றுக்கும் தலைமையானவன் நீயே
bright as the lustre of heated gold, கோபத்தைத் தணித்து
protect these high-souled gods, எங்களைக் காப்பாற்றுவாயாக
who overcome by thee and terried withal, இடியின் முழக்கம் போன்ற உனது குரலால்
are flying along the heavens in dferent directions on their celestial cars, ஓ பறவையானவனே கருடா
o thou best of birds, அண்டத்தின் பத்துப் புள்ளிகளையும்
thou lord of all, விண்ணையும்
thou art the son of the mercul and high-souled rishi kasyapa, தேவலோகத்தையும்
therefore, பூமியையும்
be not wroth but have mercy on the universe, எங்கள் இதயங்களையும் தொடர்ந்து நடுங்க வைக்கிறாய்
thou art supreme, அக்னியைப் போன்ற உனது இந்த உடலைச் சுருக்குவாயாக
o pacy thy anger and preserve us, அக்னியைப் போன்ற உனது இந்த உடலைச் சுருக்குவாயாக
at thy voice, கோபமடைந்த யமனைப் போன்ற காந்தியுடன் உன்னைப் பார்க்கும்போது
loud as the roar of the thunder, கோபமடைந்த யமனைப் போன்ற காந்தியுடன் உன்னைப் பார்க்கும்போது
the ten points, எங்கள் இதயத்தில் அமைதியை இழந்து நடுங்குகிறோம்
the skies, எங்கள் இதயத்தில் அமைதியை இழந்து நடுங்குகிறோம்
the heavens, ஓ பறவைகளின் தலைவா! கருடா
the earth and our hearts, ஓ பறவைகளின் தலைவா! கருடா
o bird, உன் இரக்கத்தை வேண்டும் எங்களுக்கு உனது கருணையால் நன்மை செய்வாயாக
thou art continuously shaking, உன் இரக்கத்தை வேண்டும் எங்களுக்கு உனது கருணையால் நன்மை செய்வாயாக
o, ஓ சிறப்புமிக்கவனே! கருடா
diminish this thy body resembling agni, ஓ சிறப்புமிக்கவனே! கருடா
at the sight of the splendour resembling that of yama when in wrath, எங்களுக்கு இன்பத்தையும் நற்பேறையும் அளிப்பாயாக என்று வேண்டினர் தேவர்கள்
our hearts lose all equanimity and quake, எங்களுக்கு இன்பத்தையும் நற்பேறையும் அளிப்பாயாக என்று வேண்டினர் தேவர்கள்
o thou lord of birds, இப்படித் தேவர்களாலும்
be propitious to us who solicit thy mercy! o illustrious one, இப்படித் தேவர்களாலும்
bestow on us good fortune and joy, முனிவர்களாலும் போற்றப்பட்ட அழகான இறகுகளைக் கொண்ட அந்தப் பறவையானவன் கருடன்
and that bird of fair feathers, முனிவர்களாலும் போற்றப்பட்ட அழகான இறகுகளைக் கொண்ட அந்தப் பறவையானவன் கருடன்
thus adored by the deities and diverse sections of rishis, தனது சக்தியையும் காந்தியையும் குறைத்துக் கொண்டான் என்றார் சௌதி
reduced his own energy and splendour, தனது சக்தியையும் காந்தியையும் குறைத்துக் கொண்டான் என்றார் சௌதி
sauti said, கதிரவனும் அருணனும்
then hearing of and beholding his own body, சௌதி சொன்னார்
that bird of beautul feathers diminished its size, அனைத்தையும் கேட்டுவிட்டு
and garuda said, அந்த அழகான இறகுகளுடைய பறவையானவன் தனது உடலைக் கண்டு
let no creature be afraid, தன் உருவத்தைச் சுருக்கிக் கொண்டான்
as ye are in a fright at the sight of my terrible form, அந்தப் பறவையான கருடன்
i shall diminish my energy, எவ்வுயிரும் அச்சப்பட வேண்டாம்
sauti continued, எனது பயங்கர உருவைக் கண்டு நீங்கள் அச்சத்திலிருப்பதால்
then that bird capable of going everywhere at will, எனது சக்தியைச் சுருக்கிக்கொள்கிறேன் என்றான்
that ranger of the skies capable of calling to his aid any measure of energy, சௌதி தொடர்ந்தார்
bearing aruna on his back, விருப்பப்பட்ட இடத்திற்குத் தங்குதடையின்றிச் செல்லக்கூடியவனும்
wended from his fathers home and arrived at his mothers side on the other shore of the great ocean, எவ்வளவு சக்தியையும் விருப்பப்பட்ட அளவுக்குப் பெருக்கிக் கொள்ளக்கூடியவனுமான அந்தப் பறவையானவன் கருடன்
and he placed aruna of great splendour in the eastern regions, தனது அண்ணன் அருணனை முதுகில் ஏற்றிக் கொண்டு தனது தந்தையின் கசியபரின் இல்லத்தைத் தொடர்ந்து
just at a time when surya had resolved to burn the worlds with his fierce rays, பெருங்கடலுக்கு அக்கரையில் இருக்கும் தனது அன்னையின் வினதையின் பக்கத்தில் உள்ள கடற்கரையில் வந்து சேர்ந்தான்
saunaka said, கதிரவனோ உலகங்களைத் தனது கொடுங்கதிர்களால் சுட்டெரிக்கத் தீர்மானிக்கும் நேரத்தில் பெரும் காந்திமிக்க அருணனைக் கிழக்குப் பகுதியில் அமர்த்தியிருந்தான்
when did the revered surya resolve at the time to burn the worlds? what wrong was done to him by the gods that provoked his ire?, சௌனகர் சொன்னார்
sauti said, போற்றத்தக்க கதிரவன் எப்போது உலகங்களை எரிக்கத் தீர்மானித்தான்? அப்படி அவன் கோபத்தைத் தூண்டி விடும்படியாகத் தேவர்கள் அவனுக்கு என்ன தவறு செய்தார்கள்?[]
o sinless one, [] ருரு கேட்பதாகவும்
when rahu was drinking nectar among the gods at the time of the churning of the ocean he was pointed out to the gods by surya and soma, பிரமதி சொல்வதாகவும் மன்மதநாததத்தரின் பதிப்பில் உள்ளது
and from that time he conceived an enmity towards those deities, கும்பகோணம் பதிப்பில் கங்குலியில் உள்ளதைப் போலவே இருக்கிறது
and upon this rahu sought to devour his afflictor surya, பிபேக் திப்ராயின் பதிப்பில் இந்தப் பகுதியே இல்லை
became wroth, சௌதி
and thought, ஓ பாவங்களற்றவரே
oh, அமுதத்துக்காகப் பாற்கடலைக் கடையும்போது ராகு தேவர்களின் பக்கம் நின்று அமுதத்தைப் பருகியதை
this enmity of rahu towards me hath sprung from my desire of benefiting the gods, சூரியனும் சந்திரனும் காட்டிக் கொடுத்தனர்
and this dire consequence i alone have to sustain, அப்போதிருந்தே அவன் ராகு அந்தத் தேவர்கள் மீது பகை கொண்டான்
indeed, அதுமுதல் ராகு தன் எதிரியை சூரியனை விழுங்குவதால் கோபங்கொண்ட அவன் சூரியன்
at this pass help i obtain not, ‘இந்த ராகுவின் பகையானது தேவர்களுக்கு நன்மை செய்யவேண்டும் என்ற என் ஆவலிலிருந்தே தொடங்கியது
and before the very eyes of the denizens of heaven i am going to be devoured and they brook it quietly, அதன் பலனை நான் மட்டுமே அனுபவிக்கிறேன்
therefore, உண்மையில் இத்தருணத்தில் எனக்கு எந்த உதவியும் கிட்டவில்லை
for the destruction of the worlds must i strive, அனைத்து சொர்க்கவாசிகளின் முன்னிலையிலேயே நான் விழுங்கப்படப்போகிறேன்
and with this resolution he went to the mountains of the west, அதை அவர்களும் அமைதியாக அனுமதிக்கப்போகின்றனர்
and from that place he began to radiate his heat around for the destruction of the world, எனவே
and then the great rishis, நான் உலகங்களை அழிக்கப் போகிறேன்’ என்று உறுதி கொண்ட கதிரவன்
approaching the gods, மேற்கு மலைகளுக்குச் சென்றான்
spake unto them, அந்த இடத்திலிருந்தே உலகத்தை அழிக்கத் தனது வெப்பத்தை அனைத்து இடங்களிலும் வெளிப்படுத்தினான்
lo, தேவர்களிடம் சென்ற பெரும் முனிவர்கள்
in the middle of the night springeth a great heat striking terror into every heart, இதோ
and destructive of the three worlds, நடு இரவில் ஒவ்வொரு இதயத்தையும் அச்சமூட்டியபடியும்
then the gods, மூன்று உலகங்களையும் அழிக்கும்படியும் இந்தப் பெரும் வெப்பம் உண்டாகிறது என்றனர்
accompanied by the rishis, தேவர்கள்
wended to the grandsire, முனிவர்களையும் அழைத்துக் கொண்டு பெருந்தகப்பனிடம் சென்று இன்று ஏன் இந்த வெப்பம் அதிகமாகி அச்சமூட்டுகிறது? கதிரவன் இன்னும் உதிக்கவில்லை
and said unto him, எனினும் உலக அழிவு தெளிவாகத் தெரிகிறது
o what is this great heat today that causeth such panic? surya hath not yet risen, ஓ தலைவா பிரம்மனே
still the destruction of the world is obvious, அவன் சூரியன் உதித்தால் என்ன நடக்கும்? என்றனர்
o lord, அதற்குப் பெருந்தகப்பன் பிரம்மன்
what will happen when he doth rise? the grandsire replied, உண்மையாக இன்று கதிரவன் உலக அழிவுக்காகவே உதிக்கத் தயாராகிறான்
indeed, எப்போது அவன் காட்சி தருவானோ அப்போதே அனைத்தையும் சாம்பற்குவியலாக எரித்துவிடுவான்
surya is prepared to rise today for the destruction of the world, ஏற்கனவே அதைத் திருத்த நான் பிரம்மன் நடவடிக்கை எடுத்துவிட்டேன்
as soon as he will appear he will burn everything into a heap of ashes, கசியபரின் புத்திசாலி மகனான அருணனை அனைவரும் அறிவார்கள்
by me, தனது பெருத்த உடலுடன்
however, பெரியகாந்தியுடனும் கூடிய அவன் அருணன்
hath the remedy been provided beforehand, கதிரவன் முன்பு நின்று
the intelligent son of kasyapa is known to all by the name of aruna, அவனுக்குச் தேரோட்டியாக இருந்து
he is huge of body and of great splendour, முன்னவனின் சூரியனின் சக்தியையெல்லாம் எடுத்துவிடுவான்
he shall stay in front of surya, இந்த நடவடிக்கை உலகத்தின் நன்மையையும்
doing the duty of his charioteer and taking away all the energy of the former, முனிவர்கள் மற்றும் தேவலோகவாசிகளின் நன்மையையும் உறுதிசெய்யும்
and this will ensure the welfare of the worlds, ” என்றான்
of the rishis, சௌதி தொடர்ந்தார்
and of the dwellers in heaven, அருணன்
sauti continued, பெருந்தகப்பனின் பிரம்மனின் கட்டளைப்படி
aruna, என்னென்ன செய்யவேண்டுமோ அவையனைத்தையும் செய்தான்
at the behest of the grandsire, அருணனின் உடலால் திரையிடப்பட்டுக் கதிரவன் உதித்தான்
did all that he was ordered to do, அருணனின் உடலால் திரையிடப்பட்டுக் கதிரவன் உதித்தான்
and surya rose veiled by arunas person, நான் சௌதி இதுவரை கதிரவன் ஏன் கோபங்கொண்டான்? கருடனின் தமையனான அருணன் எப்படி அவனது தேரோட்டியாக நியமிக்கப்பட்டான்? என்பதைச் சொன்னேன்
i have told thee now why surya was in wrath, நான் சௌதி இதுவரை கதிரவன் ஏன் கோபங்கொண்டான்? கருடனின் தமையனான அருணன் எப்படி அவனது தேரோட்டியாக நியமிக்கப்பட்டான்? என்பதைச் சொன்னேன்
and how aruna, சிறிது நேரத்திற்கு முன்பு நீங்கள் நைமிசாரண்யத்தில் வருட வேள்வியில் பங்கெடுத்த ஆன்மிகவாதிகளும்
the brother of garuda, சிறிது நேரத்திற்கு முன்பு நீங்கள் நைமிசாரண்யத்தில் வருட வேள்வியில் பங்கெடுத்த ஆன்மிகவாதிகளும்
was appointed as his charioteer, சௌனகரும் கேட்ட அடுத்தக் கேள்விக்கான விளக்கத்தை அடுத்துக் கேளுங்கள் என்றார் சௌதி
hear next of that other question asked by thee a little while ago, சௌனகரும் கேட்ட அடுத்தக் கேள்விக்கான விளக்கத்தை அடுத்துக் கேளுங்கள் என்றார் சௌதி
sauti said, சௌதி சொன்னார்
then that bird of great strength and energy and capable of going at will to every place repaired to his mothers side on the other shore of the great ocean, எந்த இடத்திற்கும் தன் இச்சைப்படி செல்லக்கூடிய அந்தப் பெரும்பலம்பொருந்திய பறவையானவன்
thither lived vinata in affliction, தனது தாயின் வினதையின் இருப்பிடம் சென்று கடற்கரையில் இறங்கினான்
defeated in wager and put into a state of slavery, அங்கே வினதை பந்தயத்தில் தோல்வியுற்று
once kadru calling vinata who had prostrated herself before the former, கத்ருவிற்கு அடிமையாகச் சோகத்துடன் வாழ்ந்து வந்தாள்
addressed her these words in the presence, ஒருமுறை கத்ரு
of her son, வினதையை அழைத்தாள்
o gentle vinata, வினதை அவளை விழுந்து வணங்கி எழுந்ததும்
there is in the midst of the ocean, கத்ரு அவளது மகனின் கருடனின் முன்னிலையிலேயே
in a remote quarter, “ஓ மென்மையான வினதையே
a delightful and fair region inhabited by the nagas, கடலுக்கு நடுவிலே
bear me thither! at this that mother of the bird of fair feathers bore on her shoulders the mother of the snakes, யாரும் அணுகமுடியாத ஓர் இடத்திலே
and garuda also, அழகானதும்
directed by his mothers words, இன்பம் தருவதுமான பாம்புகளின் வசிப்பிடம் ஒன்று இருகிறது
carried on his back the snakes, என்னை அங்கே தூக்கிச் செல்வாயாக” என்றாள்
and that ranger of the skies born of vinata began to ascend towards the sun, இப்படிச் சொன்னதும்
and thereupon the snakes, அந்த அழகான இறகுகளுடைய பறவையின் கருடனின் தாய் வினதை
scorched by the rays of the sun, தனது தோளில் பாம்புகளின் தாயை கத்ருவை சுமந்து சென்றாள்
swooned away, கருடனும் தனது தாயின் வினதையின் சொல்படி
and kadru seeing her sons in that state prayed to indra, பாம்புகளைத் கத்ருவின் மக்களை தனது முதுகில் தூக்கிச் சென்றான்
saying, வினதைக்குப் பிறந்த அந்த விண்ணோடி கருடன் அப்படியே கதிரவனை நோக்கி எழும்பினான்
i bow to thee, அதனால்
thou lord of all the gods! i bow to thee, அந்தப் பாம்புகள் கதிரவனின் கதிர்களால் சுடப்பட்டு
thou slayer of vritra! i bow to thee, மயக்கமடைந்தன
thou slayer of namuchi! o thou of a thousand eyes, தனது மைந்தர்களின் பாம்புகளின் அந்த நிலையைக் கண்ட கத்ரு
consort of sachi! by thy showers, இந்திரனிடம் இப்படி வேண்டினாள்
be thou the protector of the snakes scorched by the sun, உன்னை வணங்குகிறேன்
o thou best of the deities, தேவதேவா! உன்னை வணங்குகிறேன்
thou art our great protector, விருத்ரனைக் கொன்றவனே! நான் உன்னை வணங்குகிறேன்
o purandara, நமுசியைக் கொன்றவனே
thou art able to grant rain in torrents, ஆயிரங்கண் கொண்டவனே
thou art vayu the air, சச்சியின் சசியின் மணாளனே
the clouds, சூரியனால் சுடப்பட்ட பாம்புகளை உனது மழைத்துளிகளால் காப்பாற்றுவாயாக
fire, ஓ தேவர்களில் சிறந்தவனே! எங்கள் சிறந்த காப்பாளன் நீயே
and the lightning of the skies, ஓ புரந்தரா! பருவகாலத்தில் மழைத்தாரைக்கு உத்தரவிடுபவன் நீயே
thou art the propeller of the clouds, வாயு நீயே
and hast been called the great cloud i, மேகம் நீயே
that which will darken the universe at the end of yuga, நெருப்பு நீயே
thou art the fierce and incomparable thunder, வானில் காணும் மின்னல் நீயே
and the roaring clouds, மேகங்களைப் பரவச் செய்பவன் நீயே
thou art the creator of the worlds and their destroyer, யுக முடிவில் அண்டத்தை இருளாக்கும் பெருமேகம் என்றழைக்கப்படுபவன் நீயே
thou art unconquered, ஒப்புயர்வற்ற
thou art the light of all creatures, பயங்கரமான இடியும் முழங்கும் மேகங்களும் நீயே
aditya, உலகத்தைப் படைத்தவன் நீயே
vibhavasu, அதை அழிப்பவன் நீயே
and the wonderful elements, வெல்லப்பட முடியாதவன் நீயே
thou art the ruler of all the gods, அனைத்து உயிரினங்களுக்கும் ஒளி நீயே
thou art vishnu, ஆதித்யன்
thou hast a thousand eyes, விபாவசு
thou art a god, அற்புதமான பூதங்கள் நீயே
and the final resource, தேவர்கள் அனைவருக்கும் தலைவன் நீயே
thou art, விஷ்ணு நீயே
o deity, ஆயிரங்கண் கொண்டவனே! தேவன் நீயே
all amrita, இறுதிப் பாதுகாப்பு நீயே
and the most adored soma, ஓ தேவனே! அமுதமும்
thou art the moment, போற்றுதலுக்குரிய சோமமும் நீயே
the lunar day, சந்திர நாள் திதி [அ] ஒரு நாள் நீயே
the bala minute, பலா லவம் ஒரு நிமிடம் நீயே
thou art the kshana minutes, க்ஷணம் நான்கு நிமிடம் நீயே
thou art the lighted fortnight, வளர்பிறையும் சுக்லபக்ஷமும் நீயே
and also the dark fortnight, தேய்பிறையும் கிருஷ்ணபக்ஷமும் நீயே
thou art kala, கண் இமைக்கும் நேரமான த்ருடி நீயே
thou kashtha, பதினெட்டு த்ருடிகள் கொண்ட காஷ்டை நீயே
and thou truti, முப்பது காஷ்டைகள் கொண்ட கலை நீயே
thou art the year, வருடம் நீயே
the seasons, பருவங்கள் நீயே
the months, மாதங்கள் நீயே
the nights, இரவுகள் நீயே
and the days, பகல்கள் நீயே
thou art the fair earth with her mountains and forests, மலைகளும்
thou art also the firmament, கானகங்களும் நிறைந்த அழகான பூமி நீயே
resplendent with the sun, சூரியனால் ஒளிரும் வானம் நீயே
thou art the great ocean with heaving billows and abounding with whales, திமிங்கலங்களையும்
swallowers of whales, திமிங்கலங்களையே விழுங்கும் உயிரினங்களையும்
and makaras, மகரங்களையும் பல்வேறு மீன்களையும் தன்னகத்தே கொண்ட அலைகள் நிறைந்த பெருங்கடல் நீயே
and various fishes, மிகுந்த கவனமுடைய ரிஷிகளாலும்
thou art of great renown, ஞானமுள்ளவர்களாலும் போற்றப்படுபவன் நீயே
always adored by the wise and by the great rishis with minds rapt in contemplation, வேள்விகளில் உண்டாகும் சோமரசத்தையும்
thou drinkest, மந்திரங்களோடு கூடிய தெளிந்த நெய்யையும்
for the good of all creatures, உலகில் உள்ள அனைத்து உயிரினங்களின் நன்மைக்காகவும் குடிப்பவன் நீயே
the soma juice in sacrices and the claried butter offered with sacred invocation, ஆசையின் கனிகளில் விருப்பமுள்ள பிராமணர்களால் எப்போதும் வேள்விகளில் வழிபடப்படுபவன் நீயே
thou art always worshipped at sacrices by brahmanas moved by desire of fruit, ஒப்பில்லாத பலம் வாய்ந்தவன் நீயே
o thou of incomparable mass of strength, வேதங்களிலும் வேதாங்கங்களிலும் பாடப்படுபவன் நீயே
thou art sung in the vedas and vedangas, படித்த பிராமணர்கள் எப்போதும் வேள்விகளை நடத்திக் கொண்டு
it is for that reason that learned brahmanas bent upon performing sacrices, வேதங்களை அதிக அக்கறையுடன் படிக்கக் காரணம் நீயே இப்படியே கத்ரு இந்திரனை போற்றினாள் என்றார் சௌதி
study the vedas with every care, வேதங்களை அதிக அக்கறையுடன் படிக்கக் காரணம் நீயே இப்படியே கத்ரு இந்திரனை போற்றினாள் என்றார் சௌதி
his bearer, சௌதி சொன்னார்
thus adored by kadru, தேவமன்னனும்
covered the entire firmament with masses of blue clouds, குதிரைகளிலே சிறந்தவற்றைத் தன் தேரிலே கொண்டவனுமான இந்திரன்
and he commanded the clouds, கத்ருவால் இப்படி வழிபடப்பட்ட பிறகு
saying, வானவட்டத்தை நீலநிறப் பெருமேகங்களால் மறைத்து
pour ye, அம்மேகங்களிடம்
your vivying and blessed drops! and those clouds, உயிருண்டாக்கவல்ல
luminous with lightning, புனிதமான உங்கள் துளிகளைப் பொழியுங்கள் என்று பணித்தான்
and incessantly roaring against each other in the welkin, அந்த மேகங்கள் மின்னலுடன் கூடிய ஒளி பொருந்தி
poured abundant water, தடையேதுமின்றி ஒன்றோடொன்று ஆகாயத்தில் முழங்கியபடியே பெருமழையைப் பொழிந்தன
and the sky, அற்புதமானதும்
in consequence of those wonderful and terribly-roaring clouds that were incessantly begetting vast quantities of water, பயங்கரமாகக் கர்ஜிப்பதும்
looked as the end of yuga had come, இடைவிடாது பெரும் நிறைகொண்ட நீரைப் பொழிவதுமான அந்த மேகங்களால் வானமானது யுக முடிவு வந்ததைப்போலக் காட்சியளித்தது
and in consequence of the myriads of waves caused in the falling torrents, பெரும் மழையினால் அலைகள் போன்ற மழைத்தாரைகளுடனும்
the deep roar of the clouds, மேகங்களின் முழக்கங்களுடனும்
the flashes of lightning, மின்னல்களின் ஒளிகளுடனும்
the violence of the wind, காற்றின் கடுமையாலும்
and the general agitation, கொந்தளிப்பாலும் ஆகாயமானது பித்துப் பிடித்து ஆடுவதுபோலக் காட்சியளித்தது
the sky looked as dancing in madness, வானம் முழுவதும் மேகங்களால் மறைக்கப்பட்டது
the sky became overcast, இடைவிடாத பெருமழையால் கதிரவன் மற்றும் சந்திரனின் கதிர்கள் முற்றிலுமாக மறைந்தன
and the rays of the sun and the moon totally disappeared in consequence of that incessant downpour, இந்திரன் பெருமழைப் பொழிந்ததால் பாம்புகள் மிகுந்த மகிழ்வுற்றன
and upon indras causing that downpour, பூமி எங்கும் நீர் நிறைந்தது
the nagas became exceedingly delighted, தெளிவான
and the earth was filled with water all around, குளிர்ந்த நீர் பாதாளம் வரை பாய்ந்தது
and the cool, பூமியெங்கும் எண்ணிக்கையில் அடங்காத அலைகள் நிறைந்த நீர் சூழ்ந்தது
clear water reached even the nether regions, பூமியெங்கும் எண்ணிக்கையில் அடங்காத அலைகள் நிறைந்த நீர் சூழ்ந்தது
and there were countless waves of water all over the earth, பாம்புகளும் அவர்களின் தாயும் கத்ருவும் ரமணீயகமென்னும் தீவை பத்திரமாக அடைந்தனர் என்றார் சௌதி
and the snakes with their mother reached in safety the island called ramaniyaka, பாம்புகளும் அவர்களின் தாயும் கத்ருவும் ரமணீயகமென்னும் தீவை பத்திரமாக அடைந்தனர் என்றார் சௌதி
sauti said, சௌதி சொன்னார்
and then the nagas drenched by that shower, மழையில் நனைந்த பாம்புகள்
became exceedingly glad, அதன்பிறகு மிகவும் மகிழ்ந்திருந்தன
and borne by that bird of fair feathers, அந்த அழகான இறகுகள் கொண்ட பறவையானவன் கருடன் தங்களைச் சுமந்து செல்ல விரைவாகத் தீவை அடைந்தனர்
they soon arrived at the island, அந்தத் தீவு
that island had been fixed by the creator of the universe as the abode of the makaras, மகரங்களின் இருப்பிடமாக
there they saw the terrible lavana samudra ocean of salt, அண்டம் படைத்தோனால் தீர்மானிக்கப்பட்டிருந்தது
on arriving there with garuda, அங்கே அவர்கள் பயங்கரமான லவணச் சமுத்திரத்தைக் உப்புக் கடல் கண்டனர்
they saw there a beautul forest washed by the waters of the sea and resounding with the music of winged choirs, கருடனுடன் வந்தவர்கள் அங்கே நீரால் சுத்தம் செய்யப்பட்ட ஓர் அழகான காடு கடலின் மடியில் இருந்ததையும்
and there were clusters of trees all around laden with various fruits and flowers, இறகுகள் கொண்ட இசைக்கலைஞர்களின் பாடும் பறவைகளின் இன்னிசை எங்கும் நிறைந்து இருந்ததையும் உணர்ந்தனர்
and there were also fair mansions all around, அப்படிப்பட்ட அக்கானகத்தில் கருடனுடன் அப்பாம்புகள் வந்திறங்கினர்
and many tanks full of lotuses, அங்கே
and it was also adorned with many lakes of pure water, கொத்துக் கொத்தாக மரங்கள் பலவகைப்பட்ட மலர்களுடனும் பழங்களுடனும் நிறைந்து இருந்தன
and it was refreshed with pure incense-breathing breezes, அழகான மாளிகைகளும் அங்கு நிறைந்திருந்தன
and it was adorned with many a tree that grew only on the hills of malaya, தாமரை நிறைந்த தடாகங்களாலும் நிறைந்திருந்தன
and seemed by their tallness to reach the very heavens, சுத்தமான நீர் கொண்ட பல ஏரிகள் அங்கு இருந்தன
and there were also various other trees whose flowers were scattered all around by the breeze, அங்குத் தவழ்ந்த சுத்தமணங்கொண்ட தென்றலால் உற்சாகம் நிலவியது
and that forest was charming and dear to the gandharvas and always gave them pleasure, மலய மலையில் மட்டுமே விளையும் பல மரங்கள் அங்கே இருந்தன
and it was full of bees maddened with the honey they sucked, அவற்றின் உயரங்கள் விண்ணை முட்டும் அளவுக்கு இருந்தன
and the sight of all this was exceedingly delightful, இன்னும் பல மரங்களில்
and in consequence of many things there, அவற்றின் மலர்கள் உதிர்ந்து தென்றலின் உதவியால் அழகாகப் பரவிக் கிடந்தன
capable of charming everybody, இப்படி அந்தக் கானகம் அழகாகவும்
that forest was fair, கந்தர்வர்களுக்கு எப்போதும் இன்பத்தைத் தருவதாகவும்
delightful, விருப்பமானதாகவும் இருந்தது
and holy, அது அந்த கானகமானது மலர்களில் இருந்து மதுவை உண்டு மதிமயங்கிய வண்டுகளால் நிறைந்திருந்தது
and, இந்தக் காட்சிகள் அனைத்தும் பெரும் மகிழ்ச்சியைத் தந்தன
echoing with the notes of various birds, இப்படி பல விஷயங்களால் அந்தக் கானகம் அனைவரையும் மகிழ்ச்சிப்படுத்துவதாகவும்
it delighted greatly the sons of kadru, அழகாகவும்
and the snakes, புனிதமானதாகவும் இருந்தது
after arriving at that forest, பல பறவைகளின் மெல்லிசைகளை எதிரொலித்த அது கத்ருவின் மைந்தர்களுக்கு மகிழ்ச்சியை அளித்தது
began to enjoy themselves, அந்தப் பாம்புகள் அந்தக் காட்டிற்கு வந்து மகிழ்ச்சியாகத் தங்கள் பொழுதைக் கழித்தன
and they commanded the lord of birds, பறவைகளின் மன்னனான சக்தி நிறைந்த கருடனிடம்
viz, அவை பாம்புகள்
garuda, வேறு ஏதேனும் அழகான
of great energy, சுத்தமான நீர் நிறைந்த தீவுக்கு எங்களை அழைத்துச் செல்வாயாக
saying, நீ விண்ணோடியாதலால்
[paragraph continues] convey us to some other fair island with pure water, அப்படிப் காற்றில் பறக்கும்போது நிறைய அழகான இடங்களைக் கண்டிருப்பாயே என்று கட்டளையிட்டனர்
thou ranger of the skies, கருடன் சிறிது நேரம் சிந்தித்துவிட்டு தனது தாய் வினதையிடம்
thou must have seen many fair regions while coursing through the air, “தாயே
garuda, இந்தப் பாம்புகளின் உத்தரவுகளை எல்லாம் நான் ஏன் நிறைவேற்ற வேண்டும்?” என்று கேட்டான்
alter reflecting for a few moments, இப்படிக்கேட்கப்பட்ட வினதை
asked his mother vinata, விண்ணோடியும்
saying, அனைந்து அறங்களும் நிறைந்தவனும்
why, பெரும் சக்தியும்
mother, பலமும் கொண்டவனுமான தன் மகனிடம் கருடனிடம்
have i to do the bidding of the snakes? vinata thus questioned by him spake unto that ranger of the skies, ஓ பறவைகளில் சிறந்தவனே
her son, என் கெடுபேறால் துரதிர்ஷ்டத்தால் நான் எனது சக்களத்தியிடம் அடிமையானேன்
invested with every virtue, அந்தப் பாம்புகள்
of great energy, ஏமாற்று வேலை செய்து
and great strength, பந்தயத்தில் தோற்கடித்து
as follows: vinata said, என்னை இந்த நிலைமைக்கு ஆளாக்கின என்றாள் வினதை
o thou best of birds, தனது தாய் இப்படிக் கூறியதைக் கேட்டு
i have become, அந்த விண்ணோடி கருடன் மிகவும் துன்புற்று
from misfortune, அந்தப் பாம்புகளிடம்
the slave of my co-we, பாம்புகளே
the snakes, பாம்புகளே
by an act of deception, நான் எந்தப் பொருளைக் கொண்டுவந்தால்
caused me to lose my bet and have made me so, நான் எந்தப் பொருளைக் கொண்டுவந்தால்
when his mother had told him the reason, அல்லது எந்தப் பொருளைப் பற்றிய அறிவை அடைந்தால்
that ranger of the skies, அல்லது எந்தப் பொருளைப் பற்றிய அறிவை அடைந்தால்
dejected with grief, அல்லது எந்த வீரச் செயலைச் செய்தால்
addressed the snakes, அல்லது எந்த வீரச் செயலைச் செய்தால்
saying, இந்த அடிமைத்தனத்திலிருந்து நாங்கள் விடுபடுவோம்
tell me, இந்த அடிமைத்தனத்திலிருந்து நாங்கள் விடுபடுவோம்
ye snakes, சொல்லுங்கள் என்று கேட்டான்
by bringing what thing, சொல்லுங்கள் என்று கேட்டான்
gaining a knowledge of what thing, சௌதி தொடர்ந்தார்
or doing what act of prowess, சௌதி தொடர்ந்தார்
we may be freed from this state of bondage to you, இதைக் கேட்ட பாம்புகள்
sauti continued, இதைக் கேட்ட பாம்புகள்
the snakes, உனது பலத்தால் அமுதத்தைக் கொண்டு வா
hearing him, உனது பலத்தால் அமுதத்தைக் கொண்டு வா
said, ஓ பறவையே கருடா
bring thou amrita by force, ஓ பறவையே கருடா
then o bird, அப்போது நீங்கள் உங்கள் அடிமைத்தனத்திலிருந்து விடுதலை பெறுவீர்கள் என்றன பாம்புகள்”
shall you be freed from bondage, அப்போது நீங்கள் உங்கள் அடிமைத்தனத்திலிருந்து விடுதலை பெறுவீர்கள் என்றன பாம்புகள்”
sauti said, வினதையிடம் விடைபெற்று சென்ற கருடன்
garuda, சௌதி சொன்னார்
thus addressed by the snakes, இப்படிப் பாம்புகள் சொல்ல
then said unto his mother, அதைக் கேட்ட கருடன் தனது தாயிடம்
i shall go to bring amrita, நான் சென்று அமுதத்தைக் கொண்டு வருகிறேன்
i desire to eat something in the way, வழியிலேயே ஏதாவது நான் சாப்பிட விரும்புகிறேன்
direct me to it, எனக்கு வழிகாட்டுவாயாக என்றான்
vinata replied, வினதை
in a remote region in the midst of the ocean, தொலைதூரத்தில்
the nishadas have their fair home, நடுக்கடலில் நிஷாதர்களின் அழகான வசிப்பிடம் இருக்கிறது
having eaten the thousands of nishadas that live there, அங்கு வாழும் ஆயிரக்கணக்கான நிஷாதர்களைத் தின்று அமுதத்தைக் கொண்டு வருவாயாக
bring thou amrita, ஆனால்
but let not thy heart be ever set on taking the le of a brahmana, எந்த ஒரு பிராமணனின் உயிரையும் மாய்க்க உன் மனதில் எண்ணாதே
of all creatures a brahmana must not be slain, எல்லா உயிரினங்களிலும் பிராமணன் கொல்லப்படக்கூடாது
he is, அவன் உண்மையில் நெருப்பு போன்றவன்
indeed, ஒரு பிராமணன் கோபம் கொள்ளும்போது
like fire, நெருப்பு போல
a brahmana, அல்லது சூரியனைப் போல அல்லது கூரிய முனை கொண்ட ஆயுதம் போல அல்லது விஷம் போல ஆகிறான்
when angry, பிராமணன் எல்லா உயிரினங்களுக்கும் தலைவனாகச் சொல்லப்படுகிறான்
becomes like fire or the sun, இதற்காகவும்
like poison or an edged weapon, பிற காரணங்களுக்காகவும் ஒழுக்கம் மிகுந்தவர்களிடையே பிராமணன் போற்றப்படுகிறான்
a brahmana, அதனால் பிராமணர்களுடன் பகை என்பது எந்தச் சூழ்நிலையிலும் நல்லதல்ல
it has been said, ஓ மகனே! உனக்குக் கோபம் உண்டானாலும்
is the master of all creatures, பிராமணர்களைக் கொல்லாதிருப்பாயாக
for these and other reasons, ஓ பாவங்களற்றவனே! கடுமையான விரதங்கள் இருந்த ஒரு பிராமணனின் கோபம் எரிப்பது போல
a brahmana is the adored of the virtuous, சூரியனாலும் அக்னியாலும் கூட எரிக்க முடியாது
o child, இது போன்ற பல குறிப்புகளைக் கொண்டு ஒரு நல்ல பிராமணனை நீ அறியலாம்
he is never to be slain by thee even in anger, பிராமணனே எல்லா உயிர்களிலும் முன் பிறந்தவன்
hostility with brahmanas, நான்கு வர்ணங்களில் முதன்மையானவன்
therefore, அவன் எல்லா உயிரினங்களுக்கும் தந்தையும் தலைவனும் ஆகிறான் என்றாள்
would not be proper under any circumstances, கருடன்
o sinless one, ஓ தாயே! வினதையே
neither agni nor surya truly can consume so much as does a brahmana of rigid vows, பிராமணன் என்பவன் எந்த உருவத்தில் இருப்பான்? அவனுடைய நடத்தை எப்படியிருக்கும்? எந்தச் சக்திகள் கொண்டவனாக இருப்பான்? அவன் நெருப்பைப் போல ஒளிர்வானா? அல்லது அவன் அமைதிமிக்கவனா? ஓ தாயே
when angry, எந்தச் சிறந்த அறிகுறிகளைக் கொண்டு ஒரு பிராமணனை அடையாளம் காண முடியும்? எனக்கு நீ பதில் சொல்வதே உனக்குத் தகும் என்று கேட்டான்
by these various indications must thou know a good brahmana, வினதை
indeed, ஓ குழந்தாய்! உனது தொண்டையில் நுழைந்தவுடன்
a brahmana is the first-born of all creatures, மீன்முள் தைத்தது போலவோ
the foremost of the four orders, நிலக்கரி எரிவது போலவோ உனக்குத் துன்பத்தை ஏற்படுத்துபவனை
the father and the master of all, பிராமணர்களில் சிறந்தவனாக நீ அறிந்து கொள்வாயாக
garuda then asked, கோபத்தால் எந்த ஒரு பிராமணனையும் நீ கொல்லக்கூடாது என்றாள்
o mother, வினதை தனது மகன் கருடன் மீது கொண்ட பாசத்தால் மீண்டும்
of what form is a brahmana, உனது குடலால் செரிக்கப்பட முடியாதவனை நல்ல பிராமணனாக அறிந்து கொள்வாயாக என்றாள்
of what behaviour, பாம்புகளால் ஏமாற்றப்பட்டு
and of what prowess? doth he shine like fire, பெருந்துன்பத்திற்கு உள்ளான வினதை
or is he of tranquil mien? and, தனது மகனின் கருடனின் ஒப்பற்ற பலத்தை அறிந்திருந்தாலும் அவனை முழு மனதோடு ஆசிர்வதித்தாள்
o mother, மாருதன் காற்று தேவதை உனது சிறகுகளைக் காக்கட்டும்
it behoveth thee to tell my inquiring self, உனது முதுகெலும்பை சூரியனும் சந்திரனும் காக்கட்டும்
those auspicious signs by which i may recognise a brahmana, அக்னி உனது தலையைக் காக்கட்டும்
vinata replied, வசுக்கள் உனது முழு உடலையும் காக்கட்டும்
saying, நானும் உனது நன்மைக்காக இங்கே அமர்கிறேன்
o child, ஓ குழந்தாய்! பத்திரமாகச் சென்று உன் காரியத்தை முடிப்பாயாக என்று கூறினாள்
him shouldst thou know as the best, சௌதி தொடர்ந்தார்
amongst brahmanas who having entered thy throat would torture thee as a fish-hook or burn thee as blazing charcoal, தன் தாயின் இந்த வார்த்தைகளைக் கேட்ட கருடன்
a brahmana must never be slain by thee even in anger, தனது சிறகுகளை விரித்து
and vinata out of affection for her son, தனது சிறகுகளை விரித்து
again told him these words, வானத்தில் உயர்ந்தான்
him shouldst thou know as a good brahmana who would not be digested in thy stomach, வானத்தில் உயர்ந்தான்
although she knew the incomparable strength of her son, அந்தப் பெரும்பலம் வாய்ந்தவன்
yet she blessed him heartily, அந்தப் பெரும்பலம் வாய்ந்தவன்
for, பசித்தவன்
deceived by the snakes, பசித்தவன்
she was very much afflicted by woe, விரைவாகச் சென்று இன்னொரு எமனைப் போல நிஷாதர்கள் மீது விழுந்தான்
and she said, விரைவாகச் சென்று இன்னொரு எமனைப் போல நிஷாதர்கள் மீது விழுந்தான்
let marut the god of the winds protect thy wings, நிஷாதர்களைக் கொல்ல விரும்பிய அவன் கருடன்
and surya and soma thy vertebral regions, நிஷாதர்களைக் கொல்ல விரும்பிய அவன் கருடன்
let agni protect thy head, அந்த இடத்தில் பெரும் தூசிப்படலத்தைக் கிளப்பி ஆகாயத்தை மறைத்தான்
and the vasus thy whole body, அந்த இடத்தில் பெரும் தூசிப்படலத்தைக் கிளப்பி ஆகாயத்தை மறைத்தான்
i also, கடலிலிருந்து தண்ணீரை உறிஞ்சி எடுத்து கடலை வற்ற செய்து
o child engaged in beneficial ceremonies, கடலிலிருந்து தண்ணீரை உறிஞ்சி எடுத்து கடலை வற்ற செய்து
shall sit here for your welfare, மலைகளில் வளரும் மரங்களைக் குலுக்கினான்
go then, மலைகளில் வளரும் மரங்களைக் குலுக்கினான்
o child, அந்தப் பறவைகளின் மன்னன் கருடன்
in safety to accomplish thy purpose, அந்தப் பறவைகளின் மன்னன் கருடன்
sauti continued, தனது வாயால் அலகால்
then garuda, தனது வாயால் அலகால்
having heard the words of his mother, நிஷாதர்களுடைய நகரத்தின் முக்கிய வாயில்களை அடைத்து அந்த வாயைப் பெரிதாக்கினான்
stretched his wings and ascended the skies, நிஷாதர்களுடைய நகரத்தின் முக்கிய வாயில்களை அடைத்து அந்த வாயைப் பெரிதாக்கினான்
and endued with great strength, அந்த நிஷாதர்கள் பெரும் வேகத்துடன் பாம்பை உண்ணும் அவனது கருடனின் திறந்த வாய் இருக்கும் திசை நோக்கியே ஓடினர்
he soon fell upon the nishadas, அந்த நிஷாதர்கள் பெரும் வேகத்துடன் பாம்பை உண்ணும் அவனது கருடனின் திறந்த வாய் இருக்கும் திசை நோக்கியே ஓடினர்
hungry and like another yama, காற்றினால் அசைக்கப்பட்ட காட்டு மரங்களிலிருந்து எப்படி ஆயிரக்கணக்கான பறவைகள் பெரிதும் கலக்கமுற்று விண்ணில் எழுமோ
and bent upon slaying the nishadas, காற்றினால் அசைக்கப்பட்ட காட்டு மரங்களிலிருந்து எப்படி ஆயிரக்கணக்கான பறவைகள் பெரிதும் கலக்கமுற்று விண்ணில் எழுமோ
he raised a great quantity of dust that overspread the firmament, அவ்வாறே அந்த நிஷாதர்கள்
and sucking up water from amid the ocean, அவ்வாறே அந்த நிஷாதர்கள்
shook the trees growing on the adjacent mountains, புயலினால் உண்டான புழுதியில் குருடாகி அவர்களை வரவேற்க விரிந்து திறந்திருந்த கருடனின் வாயில் போய் விழுந்தனர்
and then that lord of birds obstructed the principal thoroughfares of the town of the nishadas by his mouth, புயலினால் உண்டான புழுதியில் குருடாகி அவர்களை வரவேற்க விரிந்து திறந்திருந்த கருடனின் வாயில் போய் விழுந்தனர்
increasing its orice at will, பிறகு அந்த எதிரிகளை அழிப்பவனும்
and the nishadas began to fly in great haste in the direction of the open mouth of the great serpent-eater, பிறகு அந்த எதிரிகளை அழிப்பவனும்
and as birds in great affliction ascend by thousand into the skies when the trees in a forest are shaken by the winds, பெரும் பலம் பொருந்தியவனும்
so those nishadas blinded by the dust raised by the storm entered the wide-extending cleft of garudas mouth open to receive them, பெரும் பலம் பொருந்தியவனும்
and then the hungry lord of all rangers of the skies, தன் காரியத்தை முடிக்கப் பெரும் லாகவத்தோடு நகர்பவனும்
that oppressor of enemies, தன் காரியத்தை முடிக்கப் பெரும் லாகவத்தோடு நகர்பவனும்
endued with great strength, பசித்தவனுமான அந்த விண்ணோடிகளின் தலைவன் கருடன்
and moving with greatest celerity to achieve his end, பசித்தவனுமான அந்த விண்ணோடிகளின் தலைவன் கருடன்
closed his mouth, மீன்பிடி தொழிலைச் செய்துவந்த எண்ணற்ற நிஷாதர்களைத் தன் வாயை மூடி கொன்றான் என்றார் சௌதி
killing innumerable nishadas following the occupation of fishermen, மீன்பிடி தொழிலைச் செய்துவந்த எண்ணற்ற நிஷாதர்களைத் தன் வாயை மூடி கொன்றான் என்றார் சௌதி
sauti continued, சௌதி தொடர்ந்தார்
a certain brahmana with his we had entered the throat of that ranger of the skies, அப்படிக் கருடன் நிஷாதர்களை விழுங்கிக் கொண்டிருக்கும் போது
the former began to burn the birds throat like a piece of flaming charcoal, ஒரு பிராமணன் தனது மனைவியுடன் அந்த விண்ணதிகாரியின் தொண்டைக்குள் புகுந்தான்
him garuda addressed, முன்னவன் பிராமணன் சுடர்விட்டெரியும் மரக்கரி போல் அந்தப் பறவையின் கருடனின் தொண்டையைச் சுட்டான்
saying, அவனிடம் கருடன்
o best of brahmanas, ஒ பிராமணர்களில் சிறந்தவரே
come out soon from my mouth which i open for thee, எனது வாயை உமக்காகத் திறக்கும்போது விரைவாக வெளியேறுவீராக
a brahmana must never be slain by me, என்னதான் பாவகரமான செயல்களிலேயே ஒரு பிராமணன் ஈடுபட்டுக் கொண்டிருந்தாலும்
although he may be always engaged in sinful practices, அவன் என்னால் கொல்லப்படக் கூடாதவன் என்றான்
unto garuda who had thus addressed him that brahmana said, இப்படிக் கருடன் சொன்னவுடன் அந்த பிராமணன்
o, ஓ
let this woman of the nishada caste, எனது மனைவியான இந்த நிஷாதப் பெண்ணும் என்னுடன் வெளியே வரட்டும் என்றான்
who is my we, அதற்குக் கருடன்
also come out with me, நிஷாத இனத்தைச் சேர்ந்த அந்தப் பெண்ணையும் உம்முடன் அழைத்துக் கொண்டு விரைவாக வெளியே வருவீராக
and garuda said, எனது குடலின் வெப்பத்தால் இன்னும் நீங்கள் செரிக்கப்படாமல் இருப்பதால்
taking the woman also of the nishada caste with thee, காலந்தாழ்த்தாமல் உங்களைக் காப்பாற்றிக் கொள்வீராக என்றான்
come out soon, சௌதி தொடர்ந்தார்
save thyself without delay since thou hast not yet been digested by the heat of my stomach, அதன் பிறகு அந்த பிராமணன் நிஷாத இனத்தைச் சேர்ந்த தன் மனைவியுடன் வெளியே வந்து கருடனைப் புகழ்ந்து
sauti continued, தான் விரும்பிய வழியில் சென்றான்
and then that brahmana, பிராமணன் தனது மனைவியுடன் வெளியே வந்தவுடன்
accompanied by his we of the nishada caste, அந்தப் பறவை மன்னன் கருடன்
came out, இறகுகளை விரித்து மனோ வேகத்துடன் விண்ணில் ஏறினான்
and praising garuda wended whatever way he liked, அப்போது அவன் தனது தந்தையைக் கசியபரை கண்டான்
and when that brahmana had come out with his we, அவரால் கசியபரால் அழைக்கப்பட்ட ஒப்புயர்வற்ற ஆற்றலுடைய அந்தக் கருடன்
that lord of birds, அவரிடம் சரியாகப் பேசினான்
fleet as the mind, அந்தப் பெரும் முனிவர் கசியபர் ஓ குழந்தாய்! கருடா
stretching his wings ascended the skies, நீ நன்றாக இருக்கிறாயா? நாளும் உனக்குத் தேவையான உணவு கிடைக்கிறதா? மனிதர்களின் உலகத்தில் உனக்கு நிறைய உணவு கிடைக்கிறதா? என்று கேட்டார்
he then saw his father, கருடன்
and, என் தாய் வினதை நன்றாக இருக்கிறாள்
hailed by him, என் தமையனும் அருணனும்
garuda, [] நானும் அப்படியே இருக்கிறோம்
of incomparable prowess made proper answers, ஆனால் தந்தையே
and the great rishi kasyapa then asked him, எனக்கு எப்போதும் போதுமான அளவுக்கு உணவு கிடைப்பதில்லை
o child, அதனால் எனது உள்ளத்தில் அமைதி இல்லை
is it well with thee? dost thou get sufficient food every day? is there food in plenty for thee in the world of men?, அற்புதமான அமுதத்தைக் கொணர்வதற்காகப் பாம்புகளால் நான் அனுப்பப்பட்டிருக்கிறேன்
garuda replied, என் தாயை வினதையை அடிமைக் கட்டிலிருந்து விடுவிக்க
my mother is ever well, இன்று நான் கண்டிப்பாக அதைக் கொணர்வேன்
and so is my brother, [] ராமாயணத்தில் வரும் ஜடாயு மற்றும் சம்பாதி ஆகியோரின் தந்தையே அருணன்
and so am i, நிஷாதர்களை உண்பாயாக என்று என் தாய் வினதை எனக்குக் கட்டளையிட்டாள்
but, நான் அவர்களை ஆயிரக்கணக்கில் தின்றேன்
father, ஆனாலும் எனது பசி அடங்கவில்லை
i do not always obtain plenty of food, எனவே
for which my peace is incomplete, ஓ போற்றுதலுக்குரியவரே கசியபரே
i am sent by the snakes to fetch the excellent amrita, அமுதத்தை அபகரித்துக் கொண்டு வரும் அளவுக்கு நான் பலவானாக
indeed, வேறு ஏதாவது உணவை எனக்குக் காட்டுவீராக
i shall fetch it today for emancipating my mother from her bondage, எனது பசியையும் தாகத்தையும் தணித்துக் கொள்ளத் தகுந்த உணவைச் சுட்டிக் காட்டுங்கள் என்று சொன்னான் கருடன்
my mother command me, கசியபர் கருடனிடம்
saying, நீ காணும் இந்த ஏரி மிகவும் புனிதமானது
eat thou the nishadas, தேவலோகத்திலும் இஃது அறியப்பட்டிருக்கிறது
i have eaten them by thousands, முகம் கீழ்நோக்க
but my hunger is not appeased, தொடர்ந்து தனது அண்ணனான ஆமையை இழுத்துக் கொண்டிருக்கும் ஒரு யானை இதில் இந்த ஏரியில் இருக்கிறது
therefore, முற்பிறவியிலிருந்தே அந்த இருவருக்குள்ளும் இருக்கும் பகை பற்றி உனக்கு விரிவாகச் சொல்கிறேன்
o worshipful one, அவர்கள் ஏன் இங்கிருக்கிறார்கள் என்பதை விரிவாகச் சொல்கிறேன் கவனமாகக் கேள்
point out to me some other food, முன்பொரு காலத்தில் விபாவசூர் என்று ஒரு பெரும்முனிவர் இருந்தார்
by eating which, அவர் மிகுந்த கோபக்காரராகவும் இருந்தார்
o master, அவருக்குச் சுப்ரதீகன் என்று ஒரு தம்பி இருந்தான்
i may be strong enough to bring away amrita by force, பின்னவன் தம்பி சுப்ரதீகன் தனது செல்வத்தை அண்ணனுடன் விபாவசுவுடன் கூட்டாக வைத்துக் கொள்ள விருப்பமில்லாதவனாக இருந்தான்
thou shouldst indicate some food wherewith i may appease my hunger and thirst, சுப்ரதீகன் எப்போதும் பாகப்பிரிவினை குறித்தே பேசிக் கொண்டிருந்தான்
kasyapa replied, சில காலம் கழித்து விபாவசூர் சுப்ரதீகனைப் பார்த்து
this lake thou seest is sacred, செல்வத்தின் மீதுள்ள கண்மூடித்தனமான ஆசையால்
it hath been heard, மனிதர்கள் தங்கள் தந்தைவழியில் வந்த பரம்பரைச் செல்வங்களைப் பிரித்துக் கொள்ள ஆசைப்படுவது பெரிய முட்டாள்தனமாகும்
of even in the heavens, பரம்பரைச் சொத்தைப் பிரித்துக் கொண்ட பிறகு
there is an elephant, செல்வம் தரும் மயக்கத்தினால் ஒருவருக்கொருவர் சண்டையிட்டுக் கொண்டே இருப்பர்
with face downwards, அப்போது அறிவற்றவர்களுக்கும்
who continually draggeth a tortoise, சுயநலம் கொண்டவர்களுக்கும் சொத்தைப் பிரித்துக் கொண்டவர்கள் இடையே நண்பர்கள் என்ற போர்வையில் இருக்கும் எதிரிகளால்
his elder brother, குறைகள் சுட்டிக்காட்டப்பட்டுப் பேதங்கள் உருவாக்கப்பட்டு
i shall speak to you in detail of their hostility in former le, பூசல் பலமாகி
just listen as i tell you why they are here, அதனால் பின்னவர்கள் சொத்தைப் பிரித்துக் கொண்டவர்கள் ஒருவர் பின் ஒருவராக விழுவர்
there was of old a great rishi of the name of vibhavasu, முழுமையான கேடு பிரிந்தவர்களை வெகு விரைவாக வந்தடையும்
he was exceedingly wrathful, இதன் காரணமாகவே ஞானமுள்ளவர்கள் சகோதரர்களுக்குள் பிரிவினையை ஆமோதிக்கமாட்டார்கள்
he had a younger brother of the name of supritika, அப்படிப் பிரியும் சகோதரர்கள் அதிகாரபூர்வமான சாத்திரங்களைப் புறந்தள்ளி
the latter was averse to keeping his wealth jointly with his brothers, ஒருவர் மீது ஒருவர் பயங்கொண்டு வாழ்வர்
and supritika would always speak of partition, ஆனால் சுப்ரதீகா
after some time his brother vibhavasu told supritika, நீ எனது அறிவுரைகளை ஏற்காமல் எப்போதும் பிரிவினையிலேயே ஆவல்கொண்டு உனது தனிப்பட்ட செல்வத்திற்கு ஏற்பாடு செய்வதற்கே விரும்புகிறாய்
it is from great foolishness that persons blinded by love of wealth always desire to make a partition of their patrimony, ஆகையால் நீ யானையாகக் கடவாய் என்று சபித்தார் விபாவசூர்
after effecting a partition they fight with each other, இப்படிச் சபிக்கப்பட்ட சுப்ரதீகன் விபாவசூரைப் பார்த்து
deluded by wealth, நீயும்
then again, நீர் நடுவில் நகரும் ஆமையாகக் கடவாய் என்று பதிலுக்குச் சபித்தான்
enemies in the guise of friends cause estrangements between ignorant and selfish men alter they become separated in wealth, இப்படிப்பட்ட முட்டாள்களான சுப்ரதீகன்
and pointing out faults confirm their quarrels, விபாவசூர் ஆகிய அந்த இருவரும் செல்வத்தின் காரணமாக ஒருவருக்கொருவர் சபித்துக் கொண்டு முறையே யானையாகவும்
so that the latter soon fall one by one, ஆமையாகவும் ஆனார்கள்
absolute ruin very soon overtakes the separated, அவர்களின் கோபத்தால் இப்படித் தாழ்ந்த விலங்குகளாகினர்
for these reasons the wise never speak approvingly of partition amongst brothers who, அவர்கள் தங்கள் பெரும்பலத்திலும்
when divided, உடல் எடையிலும் கர்வங்கொண்டு தங்களுக்குள் எப்போதும் பகை வளர்த்தே வருகின்றனர்
do not regard the most authoritative sastras and live always in fear of each other, இந்த ஏரியில் அந்தப் பெரும் உடல் கொண்ட இரு விலங்குகளும் தங்கள் முற்பிறவிப் பகைக்குப் பொருத்தமாகவே நடந்து வருகின்றனர்
but as thou, இதோ பார்
supritika, அவர்களில் ஒருவனான
without regarding my advice impelled by desire of separation, பெருத்த உடலுடைய இந்த அழகான யானை
always wishest to make an arrangement about your property, இப்போதுகூட சண்டையிட நெருங்குகிறது
thou shall become an elephant, நீரினுள்ளே வசிக்கும் பெரும் உடலைக் கொண்ட ஆமையும்
supritika, யானையின் பிளிறலைக் கேட்டு
thus cursed, வெளியே வந்து ஏரியை முரட்டுத்தனமாகக் கலக்குகிறது
then spake unto vibhavasu, ஆமையைப் பார்த்ததும் யானையும் தனது துதிக்கையைச் சுழற்றிக் கொண்டு நீருக்குள் ஓடுகிறது
thou also shall become a tortoise moving in the midst of the waters, பெரும் சக்தியைத் தன்னுள் கொண்டு
and thus on account of wealth those two fools, தன் தந்தங்களின் அசைவாலும்
supritika and vibhavasu, தனது துதிக்கை
from each others curse, வால் மற்றும் கால்களாலும் மீன்கள் நிறைந்த ஏரியின் நீரைக் கலக்குகிறது
have become an elephant and a tortoise respectively, பெரும் பலம் கொண்ட ஆமையும் தனது தலையைத் தூக்கி
owing to their wrath, தாக்குவதற்காக முன்னே வருகிறது
they have both become inferior animals, யானை
and they are engaged in hostilities with each other, ஆறு யோஜனை x = மைல்கள் உயரமும்
proud of their excessive, அதைவிட இருமடங்கு சுற்றளவும் மைல்கள் கொண்டிருக்கிறது
strength and the weight of their bodies, ஆமை
and in this lake those two beings of huge bodies are engaged in acts according to their former hostility, மூன்று யோஜனை மைல்கள் உயரமும்
look here, பத்து யோஜனை மைல்கள் சுற்றளவும் கொண்டிருக்கிறது
one amongst them, பைத்தியக்காரத் தனமாக ஒருவரை ஒருவர் கொல்வதற்காகத் தாக்குதலுக்குத் தயாராக இருக்கும் இந்த இருவரையும் உணவாகக் கொண்டுவிட்டு
the handsome elephant of huge body, பிறகு நீ விரும்பும் காரியத்தை நிறைவேற்றிக் கொள்வாயாக
is even now approaching, மலையைப் போன்றும்
hearing his roar, கருமேகங்களின் கூட்டம் போன்றும் தெரியும் மூர்க்கமான அந்த யானையையைத் தின்று
the tortoise also of huge body, அமுதத்தைக் கொண்டு வா என்றார் கசியபர்
living within the waters, சௌதி தொடர்ந்தார்
cometh out, கருடனிடம் இப்படிச் சொல்லி
agitating the lake violently, தேவர்களுடன் போரிடும்போது நீ ஆசீர்வதிக்கப்பட்டிருப்பாய்
and seeing him the elephant, ஓ முட்டையிடும் இனமே! பறவை இனம் - முட்டையிட்டுக் குஞ்சு பொறிக்கும் பூரணகும்பமும்
curling his trunk, பிராமணர்களும்
rusheth into the water, பசுக்களும்
and endued with great energy, மற்றும் பிற புனித பொருள்களும் உன்னை ஆசீர்வதிக்கட்டும்
with motion of his tusks and fore-part of his trunk and tail and feet, ஓ பெரும்பலம் வாய்ந்தவனே! நீ தேவர்களுடன் போரிடும்போது
he agitates the water of the lake abounding with fishes, ரிக்
and the tortoise also of great strength, யஜூர்
with upraised head, சாமங்களும்
cometh forward for an encounter, புனிதமான வேள்வி நெய்யும்
and the elephant is six yojanas in height and twice that measure in circumference, அனைத்துப் புதிர்களும் உபநிஷத்துகளும்
and the height of the tortoise also is three yojanas and his circumference ten, உன்னை வலிமையாக்கட்டும் என்று அவனை கருடனை ஆசீர்வதித்தார் கசியபர்
eat thou up both of them that are madly engaged in the encounter and bent upon slaying each other, இப்படித் தனது தந்தையால் கசியபரால் ஆசீர்வதிக்கப்பட்ட கருடன்
and then accomplish the task that thou desirest, ஏரியின் அருகில் சென்றான்
eating that fierce elephant which looketh like a huge mountain and resembleth a mass of dark clouds, அவன் கருடன்
bring thou amrita, அந்தச் சுத்தமான நீர்பரப்பைச் ஏரியைச் சுற்றி பல்வேறு வகையான பறவைகளைக் கண்டான்
sauti continued, நகர்வதில் பெரும் வேகம் கொண்ட அந்த விண்ணோடி கருடன்
having said so unto garuda, தனது தந்தையின் கசியபரின் வார்த்தைகளை நினைவில் கொண்டு
he kasyapa blessed him, யானையை ஒரு காலிலும்
saying, ஆமையை மற்றொரு காலிலும் இறுகப் பற்றினான்
blest be thou when thou art in combat with the gods, அதன் பிறகு அந்தப் பறவையானவன் கருடன் உயரமாக விண்ணுக்குப் பறந்தான்
let water pitchers filled to the brim, அலம்ப தீர்த்தம் என்ற புனிதமான இடத்தை அடைந்து
brahmanas, அங்கு பல தெய்வீக மரங்களைக் கண்டான்
kine, அவனது சிறகுகள் எழுப்பிய காற்றின் தாக்கத்தால்
and other auspicious objects, அந்த மரங்கள் அச்சத்தால் நடுங்கத் தொடங்கின
bless thee, தங்கக் கிளைகள் கொண்ட அந்தத் தெய்வீக மரங்கள்
thou oviparous one, நாம் உடைந்து போவோமோ என்று அஞ்சின
and, விரும்பிய வரங்களைத் தரும் அந்த மரங்கள்
o thou of great strength, பயத்தால் நடுங்குவதைக் கண்ட அந்த விண்ணோடி
when thou art engaged with the gods in combat, ஒப்பற்ற தோற்றம் கொண்ட மற்ற மரங்களை நாடிச் சென்றான்
let the riks, ஒப்பற்ற தோற்றம் கொண்ட மற்ற மரங்களை நாடிச் சென்றான்
the yajus, அந்த மாபெரும் மரங்கள் தங்கம் மற்றும் வெள்ளியினாலான கிளைகளுடனும்
the samas, அந்த மாபெரும் மரங்கள் தங்கம் மற்றும் வெள்ளியினாலான கிளைகளுடனும்
the sacred sacricial butter, மற்றும் விலைமதிப்பற்ற கற்களைக் ரத்தினங்களைக் கொண்ட கனிகளுடனும் இருந்தன
all the mysteries upanishads, மற்றும் விலைமதிப்பற்ற கற்களைக் ரத்தினங்களைக் கொண்ட கனிகளுடனும் இருந்தன
constitute thy strength, அவை கடல் நீரால் சுத்தப்படுத்தப்பட்டு இருந்தன
garuda, அவை கடல் நீரால் சுத்தப்படுத்தப்பட்டு இருந்தன
thus addressed by his father, அங்குள்ள மரங்களிலேயே பிரமாண்ட அளவிலே வளர்ந்திருந்த ஒரு பெரும் ஆல மரத்தை
wended to the side of that lake, அங்குள்ள மரங்களிலேயே பிரமாண்ட அளவிலே வளர்ந்திருந்த ஒரு பெரும் ஆல மரத்தை
he saw that expanse of clear water with birds of various kinds all around, அந்தப் பறவைகளின் மன்னன் மனோ வேகத்துடன் நெருங்கும்போது
and remembering the words of his father, அந்தப் பறவைகளின் மன்னன் மனோ வேகத்துடன் நெருங்கும்போது
that ranger of the skies possessed of great swtness of motion, அந்த மரம்
seized the elephant and the tortoise, அந்த மரம்
one in each claw, ஒரு நூறு யோஜனை விரிந்து இருக்கும் எனது இந்தப் பெரிய கிளையில் அமர்ந்து
and that bird then soared high into the air, ஒரு நூறு யோஜனை விரிந்து இருக்கும் எனது இந்தப் பெரிய கிளையில் அமர்ந்து
and he came upon a sacred place called alamva and saw many divine trees, யானையையும்
and struck by the wind raised by his wings, யானையையும்
those trees began to shake with fear, ஆமையையும் உண்பாயாக என்றது
and those divine trees having golden boughs feared that they would break, ஆமையையும் உண்பாயாக என்றது
and the ranger of the skies seeing that those trees capable of granting every wish were quaking with fear, பறவைகளில் சிறந்தவனும்
went to other trees of incomparable appearance, பறவைகளில் சிறந்தவனும்
and those gigantic trees were adorned with fruits of gold and silver and branches of precious gems, மலை போன்ற உடல் கொண்டவனும்
and they were washed with the water of the sea, மலை போன்ற உடல் கொண்டவனும்
and there was a large banian among them, பெரும் வேகமுடையவனுமான அவன் கருடன்
which had grown into gigantic proportions, பெரும் வேகமுடையவனுமான அவன் கருடன்
that spoke unto that lord of bird coursing towards it with the fleetness of the mind, விரைவாக அந்த ஆலமரத்தின் கிளையில் உட்கார்ந்த போது
sit thou on this large branch of mine extending a hundred yojanas and eat the elephant and the tortoise, விரைவாக அந்த ஆலமரத்தின் கிளையில் உட்கார்ந்த போது
when that best of birds, இலைகளால் நிறைந்ததும்
of great swtness and of body resembling a mountain, இலைகளால் நிறைந்ததும்
quickly alighted upon a bough of that banian tree, ஆயிரக்கணக்கான சிறகுள்ள உயிரினங்களுக்கு பறவைகளுக்கு தங்குமிடமுமான அந்தக் கிளை ஆட்டம் கண்டு ஒடிந்து விழுந்தது என்றார் சௌதி
the resort of thousands of winged creatures-that bough also full of leaves shook and broke down, ஆயிரக்கணக்கான சிறகுள்ள உயிரினங்களுக்கு பறவைகளுக்கு தங்குமிடமுமான அந்தக் கிளை ஆட்டம் கண்டு ஒடிந்து விழுந்தது என்றார் சௌதி
sauti said, சௌதி தொடர்ந்தார்
at the very touch by garuda of great might with his feet, தனது காலால் பெரும் பலம் வாய்ந்த கருடன் தொட்டவுடனேயே
the branch of the tree broke as it was caught by garuda, அந்த மரத்தின் கிளை ஒடிந்தது
casting his eyes around in wonder he saw valakhilya rishis hanging therefrom with heads downwards and engaged in ascetic penances, அதைக் ஒடிந்த கிளையை கருடன் அலகால் பிடித்துக் கொண்டான்
reflecting that that bough fell down, வியப்பால் தனது பார்வையைச் சுழலவிட்ட கருடன்
the rishis would be slain, வாலகில்ய முனிவர்கள் அதிலிருந்து அந்த கிளையிலிருந்து தலைகீழாகத் தொங்கிக் கொண்டு தவமியற்றிக் கொண்டிருப்பதைக் கண்டான்
the mighty one held the elephant and the tortoise still more firmly with his claws, அந்தக் கிளை கீழே விழுந்தால் அந்த முனிவர்கள் கொல்லப்படுவார்கள் என்பதை உணர்ந்த அந்தப் பெரும்பலம் வாய்ந்தவன்
and from fear of slaying the rishis and desire of saving them, யானையையும்
held that bough in his beaks, ஆமையையும் இன்னும் இறுகப் பற்றினான்
and rose on his wings, முனிவர்கள் கொல்லப்படுவார்களே என்று அஞ்சி
the great rishis were struck with wonder at the sight of that act of his which was beyond even the power of the gods, அவர்களைக் காப்பாற்ற விருப்பங்கொண்டு
and gave that mighty bird a name, அந்தக் கிளையைத் தனது அலகால் பற்றி
and they said, சிறகுகளை அடித்து உயர்ந்தான்
as this ranger of the skies rises on its wings bearing a heavy burden, அந்தப் பெரும் முனிவர்கள் தேவர்களாலும் முடியாத இந்தச் செயலைக் கண்டு வியந்து
let this foremost of birds having snakes for his food be called garuda bearer of heavy weight, அந்த வலிமைமிகுந்த பறவைக்கு ஒரு பெயர் கொடுத்தனர்[]
and shaking the mountains by his wings, வாலகில்யர்கள்
garuda leisurely coursed through the skies, பாம்புகளை உணவாக உண்பவனும்
and as he soared with the elephant and the tortoise in his claws, பறவைகளில் முதன்மையானவனும்
he beheld various regions underneath, விண்ணோடியுமான இவன் கருடன்
desiring as he did to save the valakhilyas, பெரும் சுமையைச் சுமந்து கொண்டிருக்கும்போதும்
he saw not a spot whereon to sit, தனது சிறகுகளால் உயர்வதால்
at last he went to that foremost of mountains called gandhamadana, கருடன் பெரும் சுமையைச் சுமப்பவன் என்று அறியப்படட்டும் என்றனர்
there he saw his father kasyapa engaged in ascetic devotions, [] கருடனுக்கு வாலகில்யர்கள்தான் பெயர் கொடுக்கிறார்கள்
kasyapa also saw his son, அதற்கு முன்பு அவனுக்கு என்ன பெயர்? வேறொரு பதிப்பில் வைநதேயன் என்ற பெயர் வழங்கப்பட்டுள்ளது
that ranger of the skies, வைநதேயன் என்றால் வினதையின் மகன் என்று பொருள்
of divine form, தனது சிறகுகளால் மலைகளை நடுங்க வைத்த கருடன்
possessed of great splendour, நிதானமாக வானத்தில் பறந்து சென்றான்
and energy and strength, யானை மற்றும் ஆமையோடு கைகளில் பிடித்து உயர்ந்த பறந்த போது கீழே இருக்கும் பல்வேறு பகுதிகளை நோக்கினான்
and endued with the speed of the wind or the mind, வாலகில்யர்களைக் காப்பாற்ற விரும்பிய அவன்
huge as a mountain peak, அமர ஓர் இடமும் காணவில்லை
a ready smiter like the curse of a brahmana, கடைசியாக மலைகளில் முதன்மையான கந்தமாதன மலைக்குச் சென்றான்
inconceivable, அங்கே அர்ப்பணிப்புடன் தவத்தில் ஈடுபட்டுக் கொண்டிருக்கும் தனது தந்தை கசியபரைக் கண்டான்
indescribable, அந்த விண்ணோடியை
frightful to all creatures, அந்தத் தெய்வீக வடிவிலானவனை
possessed of great prowess, அதிகப் பிரகாசமும்
terrible, பலமும் சக்தியும் கொண்டவனை
of the splendour of agni himself, காற்றுவேகம்
and incapable of being overcome by the deities, மனோவேகம் கொண்டவனை
danavas, மலைச்சிகரம் போன்று பெரிதாக இருப்பவனை
and invincible rakshasas, பிராமணனின் சாபத்தைப் போல உடனே அடிக்கத் தயாராக இருப்பவனை
capable of splitting mountain summits and sucking the ocean itself and destroying the three worlds, புத்திக்கு எட்டாதவனை
fierce, விவரிக்க முடியாதவனை
and looking like yama himself, அனைத்து உயிருக்கும் அச்சத்தை ஏற்படுத்துபவனை
the illustrious kasyapa, பெரும் ஆற்றலுள்ளவனை
seeing him approach and knowing also his motive, பயங்கரமானவனை
spoke unto him these words:, அக்னி போலப் பிரகாசிப்பவனை
kasyapa said, தேவர்களாலும்
o child, தானவர்களாலும்
do not commit a rash act, அசுரர்களாலும் வெல்லப்பட முடியாதவனை
for then thou wouldst have to suffer pain, மலையைப் பிளந்து
the valakhilyas, பெருங்கடலைக் குடித்து மூன்று உலகங்களையும் அழிக்க வல்லவனை
supporting themselves by drinking the rays of the sun, மூர்க்கமாக யமனைப் போல் காட்சியளிப்பவனை
might, தனது மகனான கருடனை கசியபரும் கண்டார்
angry, அவன் தன்னை நெருங்கி வருவதைக் கவனித்த புகழ்பெற்ற கசியபர்
blast thee, அவனது நோக்கம் அறிந்து பேசினார்
sauti continued, கசியபர்
kasyapa then propitiated, ஓ குழந்தாய்! ஆராயாத கண்மூடித்தனமான செயலைச் செய்யாதே
for the sake of his son, அப்படிச் செய்தால் நீ வேதனையை அடைய வேண்டியிருக்கும்
the valakhilyas of exceeding good fortune and whose sins had been destroyed by ascetic penances, சூரியக் கதிர்களைக் குடித்து உயிர்தாங்கிக் கொண்டிருக்கும் இந்த வாலகில்யர்கள் கோபம் கொண்டால் உன்னைச் சிதறடித்து விடுவார்கள்என்றார் கசியபர்
and kasyapa said, சௌதி தொடர்ந்தார்
ye whose wealth is asceticism, தவப்பயன்களால் தங்களது பாவங்களை எரித்து
the essay of garuda is for the good of all creatures, நற்பேறு பெற்ற வாலகில்யர்களைச் சாந்தப்படுத்த எண்ணி கசியபர் தனது மகனுக்காக அவர்களிடம்
the task is great that he is striving to accomplish, ஆன்மீகத்தையே செல்வமாகக் கொண்டவர்களே
it behoveth you to accord him your permission, கருடனின் செயல்கள்
sauti continued, அனைத்து உயிருக்கும் நன்மை பயக்கும் செயல்களே
those ascetics thus addressed by the illustrious kasyapa, அவன் சாதிக்க நினைக்கும் இந்தப் பணி கடுமையானது
abandoned that bough and went to the sacred mountain of himavat for purposes of ascetic penances, நீங்கள் அவனுக்கு அனுமதி வழங்குங்கள் என்று வேண்டினார்
after those rishis had gone away, சௌதி தொடர்ந்தார்
the, புகழ்பெற்ற கசியபரால் இப்படி வேண்டிக்கொள்ளப்பட்ட அந்தத் துறவிகளும்
son of vinata, தங்கள் தவத் துறவுகளை இயற்ற
with voice obstructed by the bough in his beaks, அந்தக் கிளையைக் கைவிட்டு
asked his father kasyapa saying, புனிதமான இமய மலைக்குச் சென்றனர்
o illustrious one, முனிவர்கள் சென்றதும்
where shall i throw this arm of the tree? o illustrious one, அந்த வினதையின் மைந்தன் கருடன்
indicate to me some region without human beings, கிளையைத் தனது வாயில் வைத்துக்கொண்டே தடைபட்ட குரலுடன் தனது தந்தை கசியபரிடம்
then kasyapa spoke of a mountain without human beings with caves and dales always covered with snow and incapable of approach by ordinary creatures even in thought, ஓ சிறப்புமிக்கவரே! இந்த மரத்தின் கிளையை நான் எங்கே வீசி எறிவது? ஓ புகழ்பெற்றவரே! மனிதர்கள் இல்லாத ஒரு பகுதியை எனக்குச் சுட்டிக் காட்டுவீராக என்று கேட்டான்
and the great bird bearing that branch, கசியபர்
that elephant, குகைகளும்
and that tortoise, எப்போதும் பனி மூடிய பள்ளத்தாக்குகளும் உள்ள
proceeded with great speed towards that mountain, சாதாரண உயிரினங்கள் எண்ணத்தால்கூட நெருங்க முடியாத மனிதர்களற்ற ஒரு மலையைப் பற்றிச் சொன்னார்
the great arm of the tree with which that bird of huge body flew away could not be girt round with a cord made of a hundred cow hides, அந்தப் பெரும்பறவையானவன் கிளையையும்
garuda, யானையையும்
the lord of birds, ஆமையையும் தாங்கிக் கொண்டு அந்த மலையை நோக்கி வேகமாகப் பறந்து சென்றான்
then flew away for hundreds of thousand of yojanas within--the shortest time, பெரும் உடல் படைத்த அந்தப் பறவை தூக்கிச் சென்ற மரத்தின் பெருங்கிளையை நூறு தோல்களைக் விலங்குத் தோல்களைக் கொண்டு வார் கயிறு[] அமைத்தாலும் சுற்றிக் கட்ட முடியாது
and going according to the directions of his father to that mountain almost in a moment, பறவைகளின் மன்னன் கருடன்
that ranger of the skies let fall the gigantic bough, நூறாயிரம் யோஜனைகளை மிகக் குறைந்த நேரத்தில் பறந்து கடந்தான்
and it fell with a great noise, அந்த விண்ணோடி
and that prince of mountains shook, நொடிப்பொழுதில் தனது தந்தை சுட்டிக்காட்டிய திசையைப் பின்பற்றி மலையை அடைந்து
struck with the storm raised by garudas wings, அந்தப் பிரம்மாண்டமான கிளையைக் கீழே விட்டான்
and the trees thereon dropped showers of flowers, அது பேரொலியுடன் விழுந்தது
and the peaks decked with gems and gold adorning that great mountain itself, [] நூறு மாடுகளின் தோலினால் செய்யப்பட்ட வார் என்பது பழைய உரை என்று கும்பகோணம் பதிப்பில் காணப்படுகிறது
were loosened and tell down on all sides, கருடனின் சிறகுகளால் எழும்பிய புயலால் தாக்கப்பட்டு
and the falling bough struck down numerous trees which, அந்த மலைகளின் இளவரசன் நடுங்கினான்
with golden flowers amid dark foliage, அங்கிருந்த மரங்களும் பூக்களைச் சொரிந்தன
shone there like clouds charged with lightning, ரத்தினங்களையும் தங்கங்களையும் கொண்டு அந்த மலையை அலங்கரித்த சிகரங்கள்
and those trees, கட்டறுந்து எல்லாப்புறமும் கீழே விழுந்தன
bright as gold, கீழே விழுந்த அந்தக் கிளை
falling down upon the ground and, மின்னலைக் கொண்டிருக்கும் மேகங்கள் போலக் கரும் இலை கொத்துக்களின் நடுவே தங்க மலர்களைக் கொண்ட மரங்கள் மீது விழுந்து
dyed with mountain metals, அவற்றைச் சாய்த்தது
shone as they were bathed in the rays of the sun, தங்கம் போன்று ஒளிவீசும் அம்மரங்கள் கீழே விழுந்து
then that best of birds, மலை உலோகங்களின் சாயமேற்றப்பட்டு
garuda, சூரியக் கதிர்களில் குளித்ததைப் போல ஒளிர்ந்தன
perching on the summit of that mountain, பிறகு
ate both the elephant and the tortoise, அந்தப் பறவைகளில் சிறந்தவனான கருடன்
rose on his wings with great speed from the top of the mountain, அந்த மலையின் உச்சியில் அமர்ந்து யானையையும்
and various omens began to appear among the gods foreboding fear, ஆமையையும் உண்டு
indras favourite thunderbolt blazed up in a fright, அந்த மலையை விட்டுச் சிறகடித்துப் பெரும் வேகத்துடன் பறந்தான்
meteors with flames and smoke, அதே நேரத்தில் பல்வேறு தீய சகுனங்கள் தோன்றி தேவர்களை அச்சத்தில் ஆழ்த்தின
loosened from the welkin, இந்திரனுக்குப் பிடித்த வஜ்ராயுதம்
shot down during the day, பயத்தால் ஒளிர்ந்தது
and the weapons of the vasus, ஆகாயத்திலிருந்து விண்கற்கள் நெருப்புடனும் புகையுடனும் பகலிலேயே விழுந்தன
the rudras, வசுக்கள்
the adityas, ருத்ரர்கள்
the sabhyas, ஆதித்தியர்கள்
the maruts, சப்யர்கள்
and other gods, மருத்துக்கள் மற்றும் மற்ற தேவர்களின் ஆயுதங்கள் தங்களுக்குள் தங்கள் சக்தியை செலவிட்டன
began to spend their force against one another, அதாவது அவற்றுக்குள்ளேயே சண்டையிட்டன
such a thing had never happened even during the war between the gods and the asuras, தேவாசுரப் போர் நிகழ்ந்துபோது கூட இப்படிப்பட்ட நிகழ்ச்சி நடந்ததில்லை
and the winds blew accompanied with thunder, இடியுடன் கூடிய காற்று அடித்தது
and meteors fell by thousands, விண்கற்கள் ஆயிரக்கணக்கில் விழுந்தன
and the sky, வானம் மேகமற்றதாய் இருந்தாலும்
though cloudless, முழங்கிக் கொண்டே இருந்தது
roared tremendously, தேவர்களுக்குத் தேவனும் இரத்த மழையைப் பொழிந்தான்
and even he who was the god of gods shed showers of blood, தேவர்களின் கழுத்திலிருந்த பூமாலைகள் வாடி அவர்கள் வீரம் மங்கியது
and the flowery garlands on the necks of the gods faded and their prowess suffered diminution, கொடூரமான மேகத் திரள்
and terrible masses of clouds dropped thick showers of blood, அடர்ந்த இரத்த மழையைப் பொழிந்தன
and the dust raised by the winds darkened the splendour of the very coronets of the gods, பிருஹஸ்பதி
and he of a thousand sacrices indra, காற்றினால் எழும்பிய புழுதியானது தேவர்களின் கிரீடங்களின் பளபளப்பை குறைத்து மங்கியதாக்கியது
with the other gods, இந்தத் தீய தடைகளைக் கண்டு மற்ற தேவர்களுடன் சேர்ந்து அச்சத்தால் குழம்பிப் போன ஆயிரம் வேள்விகள் செய்தவன் இந்திரன்
perplexed with fear at the sight of those dark forebodings spoke unto vrihaspati thus, பிருஹஸ்பதியிடம்
why, ஓ வழிபடத் தகுந்தவரே
o worshipful one, இந்த இயற்கைச் சீற்றங்கள் திடீரென ஏன் எழுந்தன? போரில் எங்களை வெல்ல எந்த எதிரியையும் நான் காணவில்லையே என்றான்
have these natural disturbances suddenly arisen? no foe do i behold who would oppress us in war, பிருஹஸ்பதி
vrihaspati answered, ஓ தேவர்கள் தலைவனே
o chief of the gods, ஓ ஆயிரம் வேள்வி நடத்தியவனே இந்திரா
o thou of a thousand sacrices, உனது தவறும்
it is from thy fault and carelessness, கவனக்குறைவும்
and owing also to the ascetic penance of the high-souled great rishis, உயரான்ம வாலகில்ய முனிவர்களின் ஆன்மிகத் தவமுமே இதற்கெல்லாம் காரணம்
the valakhilyas, பெரும் பலம்பொருந்திய விண்ணோடியும்
that the son of kasyapa and vinata, நினைத்த உருவத்தை நினைத்தமாத்திரத்தில் அடைபவனுமான கசியபர் மற்றும் வினதையின் மகன் கருடன்
a ranger of the skies endued with great strength and possessing, சோமத்தை அபகரிக்க நெருங்கி வருகிறான்
the capacity of assuming at will any form, பெரும் வலிமை படைத்தவர்களில் முதன்மையானவனான அந்தப் பறவையால் உன்னிடமிருந்து சோமத்தை கவர முடியும்
is approaching to take away the soma, அவனால் எல்லாம் முடியும்
and that bird, அடைய முடியாத ஒன்றை அவனால் எளிதாக அடைய முடியும்
foremost among all endued with great strength, சௌதி தொடர்ந்தார்
is able to rob you of the soma, இந்த வார்த்தைகளைக் கேட்ட இந்திரன்
everything is possible with him, அமுதத்தைக் காக்கும் காவலர்களிடம்
the unachievable he can achieve, பெரும்பலமும் சக்தியும் கொண்ட ஒரு பறவையானவன் அமுதத்தை அபகரிக்க எண்ணங்கொண்டுள்ளான்
sauti continued, அவன் கருடன் அதை அபகரித்து விடக்கூடாது
indra, ஆகையால் உங்களை முன்கூட்டியே எச்சரிக்கிறேன்
having heard these words, அவன் அளவிலடங்காத சக்தி கொண்டவன் என்று பிருஹஸ்பதி சொன்னார் என்று தகவல் தெரிவித்தான்
then spoke unto those that guarded the amrita, தேவர்கள் இதைக் கேட்டு வியந்து
saying, பாதுகாப்பு நடவடிக்கைகளை மேற்கொண்டனர்
a bird endued with great strength and energy has set his heart on taking away the amrita, அமுதத்தைச் சுற்றி அவர்கள் நின்று கொண்டனர்
i warn you beforehand so that he may not succeed in taking it away by force, பெரும் வீரம் கொண்டவனும்
vrihaspati has told me that his strength is immeasurable, வஜ்ரதாரியுமான இந்திரனும் அவர்களுடன் நின்றான்
and the gods hearing of it were amazed and took precautions, பெரும் மதிப்புக் கொண்ட தங்கத்தில் ரத்தினங்கள் பதித்த மார்புக் கவசங்களையும்
and they stood surrounding the amrita and indra also of great prowess, உறுதியும் பளபளப்புமிக்கத் தோலாலான கவசங்களையும் தேவர்கள் அணிந்தனர்
the wielder of the thunder, அந்த வலிமைமிக்கத் தேவர்கள்
stood with them, பல்வேறு கூர்முனை கொண்ட
and the gods wore curious breastplates of gold, பயங்கரமான உருவங்களில் உள்ள பலதரப்பட்ட ஆயுதங்களைத் தரித்தனர்
of great value, கணக்கிலடங்காதவையாக இருந்த அந்த எல்லா ஆயுதங்களும் நெருப்புப் பொறிகளையும் புகையையும் கக்கிப் பிரகாசித்தன
and set with gems, நிறையச் சக்கரங்களையும்
and bright leathern armour of great toughness, கூர்முனை முட்களைக் கொண்ட இரும்புத் தண்டங்களையும்
and the mighty deities wielded various sharp-edged weapons of terrible shapes, திரிசூலங்களையும்
countless in number, போர்க்கோடரிகளையும்
emitting, பல்வேறு வகைப்பட்ட கூர்முனை கொண்ட கணைகளையும்
even all of them, பளபளப்பான வாட்களையும்
sparks of fire with smoke, கொடூரமான வடிவங்கள் கொண்ட கதாயுதங்களையும்
and they were also armed with many a discus and iron mace furnished with spikes, தங்கள் உடலில் தரித்துக் கொண்டனர்
and trident, பிரகாசமான ஆயுதங்களையும்
battle-axe, பிரகாசமான ஆயுதங்களையும்
and various kinds of sharp-pointed missiles and polished swords and maces of terrible form, தெய்வீக ஆபரணங்களையும் தரித்து ஒளிவீசி கொண்டு தங்கள் அச்சத்தைத் தணித்துக்கொண்டு
all befitting their respective bodies, தெய்வீக ஆபரணங்களையும் தரித்து ஒளிவீசி கொண்டு தங்கள் அச்சத்தைத் தணித்துக்கொண்டு
and decked with celestial ornaments and resplendent with those bright arms, தேவர்கள் அங்கே காத்திருந்தனர்
the gods waited there, தேவர்கள் அங்கே காத்திருந்தனர்
their fears allayed, ஒப்பற்ற பலமும்
and the gods, ஒப்பற்ற பலமும்
of incomparable strength, சக்தியும்
energy, சக்தியும்
and splendour, பிரகாசமும் கொண்ட தேவர்கள் அமுதத்தைக் காக்கத் தீர்மானித்துக் கொண்டனர்
resolved to protect the amrita, பிரகாசமும் கொண்ட தேவர்கள் அமுதத்தைக் காக்கத் தீர்மானித்துக் கொண்டனர்
capable of splitting the towns of the asuras, அசுரர்களின் நகரங்களை அழித்தொழிக்க வல்லவர்களான அவர்கள் தேவர்கள் நெருப்பு போலக் காட்சியளித்தனர்
all displayed themselves in forms resplendent as the fire, அசுரர்களின் நகரங்களை அழித்தொழிக்க வல்லவர்களான அவர்கள் தேவர்கள் நெருப்பு போலக் காட்சியளித்தனர்
and in consequence of the gods standing there, தேவர்கள் நூறாயிரக்கணக்கான கூர்முனை முட்கள் கொண்ட இரும்புக் கதைகளைக் கொண்டு அந்த போர்க்களமாகப் போகும் இடத்தில் நின்றதால்
that would be battle-field, தேவர்கள் நூறாயிரக்கணக்கான கூர்முனை முட்கள் கொண்ட இரும்புக் கதைகளைக் கொண்டு அந்த போர்க்களமாகப் போகும் இடத்தில் நின்றதால்
owing to hundreds of thousands of maces furnished with iron spikes, அந்த இடமே சூரியனின் கதிர்களால் பிரகாசிக்கும் இன்னொரு வானம் போலவே விளங்கியது என்றார் சௌதி
shone like another firmament illumined by the rays of the sun, அந்த இடமே சூரியனின் கதிர்களால் பிரகாசிக்கும் இன்னொரு வானம் போலவே விளங்கியது என்றார் சௌதி
saunaka said, சௌனகர்
o son of suta, ஓ சூதப் புதல்வா! சௌதியே
what was indras fault, ”இந்திரன் செய்த தவறு என்ன? அவன் கவனக்குறைவாகச் செய்த செயல் என்ன? எப்படி வாலகில்யர்களின் தவப்பயனின் விளைவால் கருடன் பிறந்தான்? கசியபர் எப்படிப் பறவைகளின் அரசனை கருடனை மகனாக அடைந்தார்? எப்படி எல்லா உயிரினங்களாலும் வெல்ல முடியாதவனாகவும்
what his act of carelessness? how was garuda born in consequence of the ascetic penances of the valakhilyas? why also kasyapa--a brahman--had the king of birds for a son? why, கொல்ல முடியாதவனாகவும் அவன் கருடன் இருக்கிறான்? எப்படி அந்த விண்ணோடியால் விரும்பிய இடத்திற்கெல்லாம் செல்லவும்
too, விரும்பிய சக்தியை அடையவும் முடிகிறது? இவ்விவரங்கள் புராணங்களில் உள்ளதெனில் நான் அதைக் கேட்க விரும்புகிறேன் என்று கேட்டார் சௌனகர்
was he invincible of all creatures and unslayable of all? why also was that ranger of the skies capable of going into every place at will and of mustering at will any measure of energy? these are described in the purana, அதற்குச் சௌதி
i should like to hear them, நீர் கேட்பவையெல்லாம் உண்மையில் புராணங்களில் உள்ளவைதான்
sauti said, ஓ இருபிறப்பாளரே பிராமணரே
what thou askest me is, நான் அனைத்தையும் விரிவாகச் சொல்கிறேன் கேட்பீராக
indeed, முன்பொரு காலத்தில்
the subject of the purana, உயிரினங்களின் தலைவரான பிரஜாபதியான கசியபர்
o twice-born one, புத்திரப்பேறுக்காக வேள்வி நடத்தினார்
listen as i briefly recite it all, முனிவர்களும்
once upon a time, தேவர்களும்
when the lord of creation, கந்தர்வர்களும் அவருக்கு உதவி செய்தனர்
kasyapa, கசியபர்
was engaged in a sacrice from desire of offspring, இந்திரனையும்
the rishis, அவனுக்கு உதவியாகத் துறவிகளான வாலகில்யர்களையும்
the gods, மற்ற தேவர்களையும் வேள்விக்குத் தேவையான எரிபொருளைக் சமித்துக்களை கொணர்வதற்கு நியமித்திருந்தார்
and the gandharvas, தேவனான இந்திரன்
all gave him help, மலைக்கு நிகரான பெரும் சுமையைத் தன் பலத்திற்கேற்றபடி எந்தவொரு சிரமுமின்றிக் கொண்டு வந்தான்
and indra was appointed by kasyapa to bring the sacricial fuel, வரும் வழியில்
and with him those ascetics the valakhilyas, கட்டைவிரல் அளவே உள்ள வாலகில்ய முனிவர்கள் அனைவரும் சேர்ந்து ஒரு பலாச இலையின் குச்சியைச் சுமந்து கொண்டு வருவதைக் கண்டான்
and all, அந்த முனிவர்கள் உணவில்லாமல் மிகவும் உடல்மெலிந்து
the other deities, அவர்கள் உடலுக்குள்ளே தங்கள் உடல் மறைந்திருந்தனர் எலும்போடு ஒட்டி இருந்தனர்
and the lord indra, பாதையிலே மாடுகளின் குளம்புகள் ஏற்படுத்திய பள்ளத்தில் தேங்கிய நீரில் மூழ்கி மிகவும் சிரமப்படும் அளவுக்குப் பலவீனமாக அவர்கள் இருந்தனர்
taking up according to his own strength, புரந்தரன் இந்திரன்
a weight that was mountain-like, தனது பலத்தில் கர்வங்கொண்டு
brought it without any fatigue, அவர்கள் தலைக்குமேல் தாண்டிச் சென்றது[] மட்டுமல்லாமல்
and he saw on the way some rishis, அவர்களைத் திரும்பிப்பார்த்து
of bodies of the measure of the thumb, கேலியாகச் சிரித்தும் அவமதித்தான்
all together carrying one single stalk of a palasa butea frondosa leaf, இப்படி அவமதிக்கப்பட்ட முனிவர்கள் மிகுந்த கோபமும்
and those rishis were, துன்பமும் கொண்டு ஒரு பெரிய வேள்விக்கு ஏற்பாடு செய்து
from want of food, இந்திரனைப் பீதியடையச் செய்தனர்
very lean and almost merged in their own bodies, [] தலையைத் தாண்டிச் செல்வது அவமதிக்கும் செயலாகவே இன்றும் நம்மால் கொள்ளப்படுகிறது
and they were so weak that they were much afflicted when sunk in the water that collected in an indentation on the road produced by the hoof of a cow, ஓ சௌனகரே! கேளும்
and purandara, தங்கள் விருப்பத்தை நிறைவேற்ற
proud of his strength, விரதங்களை மேற்கொள்பவர்களும்
beheld them with surprise, ஞானமுள்ளவர்களும்
and laughing at them in derision soon left them behind insulting them, சிறந்தவர்களுமான அந்தத் துறவிகள் வேள்வித்தீயில்
besides, சுத்தமான நெய்யை விட்டு
by passing over their heads, சத்தமாக
and those rishis being thus insulted were filled with rage and sorrow, “அனைத்து இடத்திற்கும் தன் விருப்பப்படி செல்லக்கூடியவனும்
and they made preparations for a great sacrice at which indra was terried, விரும்பிய அளவு சக்தியை அடையக்கூடியவனும்
hear, இப்போது இருக்கும் தேவர்களின் தலைவனுக்கு அச்சத்தைத் தரக்கூடியவனாக இன்னொரு இந்திரன் உண்டாகட்டும்
o saunaka, எங்கள் தவங்களின் பயனாக மனம் போல் வேகங்கொண்டவனாகவும்[]
of the wish for accomplishment of which those vow-observing wise, பயங்கரமானவனாகவும் ஒருவன் தோன்றட்டும்” என்று மந்திரங்களைச் சொன்னார்கள்
and excellent ascetics poured claried butter of the sacricial fire with loudly uttered mantras, இதைக் கேள்விப்பட்டவனும்
there shall be another indra of all gods, ஆயிரம் வேள்விகளைச் செய்தவனுமான தேவர்களின் தலைவன் இந்திரன்
capable of going everywhere at will, பெரும் அச்சங்கொண்டு
and of mustering at will any measure of energy, நோன்புகள் நோற்கும் கசியபரிடம் தஞ்சம் புகுந்தான்
and striking tear into the present king of the gods, [] மனம் போன்ற வேகம் என்றால் அளவிட முடியாத வேகம் என்று பொருள்
by the fruit of our ascetic penance, இங்கிருந்து நாம் சூரியனை நினைத்துக் கொள்கிறோம்
let one arise, அப்படியானால் நம் மனமானது சூரியனை அடைந்த விட்டதாகப் பொருள்
fleet as the mind, இதுவே அளவிட முடியாத மனோவேகமாகும்
and fierce withal, பிரஜாபதியான கசியபர் இந்திரனிடம் இருந்து அனைத்தையும் கேட்டுக்கொண்டு
and the lord of the celestials of a hundred sacrices, வாலகில்யர்களிடம் சென்று அவர்களது வேள்வி வெற்றிகரமாக முடிந்ததா என்று கேட்டார்
having come to know of this, அந்த உண்மை பேசும் முனிவர்கள்
became very much alarmed and sought the protection of the vow-observing kasyapa, நீங்கள் சொல்வது போலவே நடக்கட்டும் என்றனர்
and the prajapati kasyapa, பிரஜாபதியான கசியபர் அவர்களை அமைதிப்படுத்தி
hearing everything from indra, பிரம்மனின் வார்த்தைகளால்
went to the valakhilyas and asked them their sacrice had been successful, இவன் இந்திரன் மூன்று உலகங்களிலும் தேவர்களுக்குத் தலைவனாக நியமிக்கப்பட்டுள்ளான்
and those truth-speaking rishis replied to him, துறவிகளே
saying, நீங்களும் மற்றுமொரு இந்திரனை உற்பத்தி செய்யப் பாடுபடுகிறீர்கள்! சிறந்தவர்களே
let it be as thou sayest! and the prajapati kasyapa pacying them, பிரம்மனின் வார்த்தைகளைப் பொய்யாக்காமல் இருக்கச் செய்வதே உங்களுக்குத் தகும்
spake unto them as follows, உங்களுடைய இந்த முயற்சியும் பலனில்லாமல் போகவேண்டாம்
by the word of brahman, பெரும்பலம் கொண்டவனாக
this one indra hath been made the lord of the three worlds, சிறகுள்ள உயிரினங்களுக்கு இந்திரனாக தலைவனாக ஒருவன் தோன்றட்டும்
ye ascetics, உங்கள் முன் பணிந்து நிற்கும் இந்த இந்திரன் மீது கருணை கொள்ளுங்கள் என்று சொன்னார் கசியபர்
ye also are striving to create another indra! ye excellent ones, கசியபரால் இப்படி வேண்டிக்கொள்ளப்பட்ட வாலகில்யர்கள்
it behoveth you not to falsy the word of brahman, முனிவர்களில் முதல்வரான பிரஜாபதி கசியபருக்குத் தங்கள் மரியாதைகளைச் செலுத்திவிட்டுப் பேசத் தொடங்கினர்
let not also this purpose, அந்த வாலகில்யர்கள்
for accomplishing which ye are striving, ஓ பிரஜாபதி! எங்கள் எல்லோராலும் நடத்தப்படும் இந்த வேள்வியானது ஓர் இந்திரனுக்காக நடைபெறுகிறது! உண்மையில் அவன் உமக்கு மகனாகப் பிறக்கவே இந்த வேள்வி நடைபெறுகிறது
be rendered futile, இதன் பலனை உம் கையிலேயே விடுகிறோம்
let there spring an indra lord of winged creatures, இந்த விஷயத்தில் எது நன்மையாகவும்
endued with excess of strength! be gracious unto indra who is a suppliant before you, சரியாகவும் இருக்குமோ அதைச் செய்யும் என்று சொன்னார்கள்
and the valakhilyas, சௌதி தொடர்ந்தார்
thus addressed by kasyapa, அப்பொழுது
after offering reverence to that first of the munis, மனதிற்கினியவளும்
viz, நற்பேறு பெற்றவளும்
the prajapati kasyapa, நோன்பு நோற்பவளும்
spake unto him:, தக்ஷனின் நன்மகளுமான வினதை
the valakhilyas said, பிள்ளைப்பேற்றின் மீதுள்ள ஆசையால்
o prajapati, தனது நோன்புகளை முடித்துக் குளித்துத் தன்னைச் சுத்தப்படுத்திக் கொண்டு
this sacrice of us all is for an indra! indeed this hath also been meant for a son being born unto thee! let this task be now left to thee, உறவுக்கான சரியான கனிதரும் காலம் வந்தவுடன் தனது நாயகனை நெருங்கினாள்
and in this matter do whatsoever thou seest to be good and proper, கசியபர் அவளிடம்
sauti continued, மதிப்புக்குரியவளே
meanwhile, நான் நடத்திய வேள்வி இப்போது கனி தந்திருக்கிறது
moved by the desire of offspring, நீ என்ன ஆசைப்பட்டாயோ அஃது உனக்குக் கிடைக்கும்
the good daughter of daksha, மூன்று உலகங்களுக்கும் தலைவர்களான வீர மகன்கள் இருவர் உனக்குப் பிறப்பார்கள்
the vow-observing, எனது வேள்வியின் தூய்மையான நோக்கத்தாலும்
amiable, வாலகில்யர்களின் தவப்பயனாலும்
and fortunate vinata, அந்த மகன்கள் மிகுந்த நற்பேறு பெற்றவர்களாகவும்
her ascetic penances over, மூவுலகங்களாலும் வழிபடத் தகுந்தவர்களாகவும் இருப்பார்கள் என்று சொன்னார்
having puried herself with a bath in that season when connubial companionship might prove fruitful, புகழ்பெற்றவரான கசியபர் மீண்டும் அவளிடம் வினதையிடம்
approached her lord, இந்தப் புனிதமான விதைகளை
and kasyapa spake unto her, மிகுந்த கவனத்துடன் சுமந்து வா
respected one, இந்த இருவரும் எல்லாச் சிறகுள்ள உயிரினங்களுக்கும் பறவைகளுக்கும் தலைவர்கள் ஆவார்கள்
the sacrice commenced by me hath borne fruit, நினைத்த மாத்திரத்தில் நினைத்த உருவை அடையும் இந்த வீரமிக்க விண்ணோடிகள் மூன்று உலகங்களாலும் மதிக்கப்படுவார்கள் என்று சொன்னார்
what hath been desired by thee shall come to pass, நினைத்த மாத்திரத்தில் நினைத்த உருவை அடையும் இந்த வீரமிக்க விண்ணோடிகள் மூன்று உலகங்களாலும் மதிக்கப்படுவார்கள் என்று சொன்னார்
two heroic sons, நடைபெற்ற காரியங்களால் திருப்தியடைந்த பிரஜாபதி கசியபர்
shall be born unto thee, நடைபெற்ற காரியங்களால் திருப்தியடைந்த பிரஜாபதி கசியபர்
who shall be the, ஆயிரம் வேள்வி செய்த இந்திரனிடம்
lords of the three worlds, ஆயிரம் வேள்வி செய்த இந்திரனிடம்
by the penances of the valakhilyas and by virtue of the desire with which i commenced my sacrice, பெரும் பலமும் வீரமும் மிக்க இரு சகோதரர்கள் உனக்கு உதவி செய்யக் கிடைப்பார்கள்
those sons shall be of exceedingly good fortune and worshipped in the three worlds! and the illustrious kasyapa spake unto her again, பெரும் பலமும் வீரமும் மிக்க இரு சகோதரர்கள் உனக்கு உதவி செய்யக் கிடைப்பார்கள்
bear thou these auspicious seeds with great care, அவர்களால் உனக்கு எந்த இன்னலும் ஏற்படாது
these two will be the lords of all winged creatures, அவர்களால் உனக்கு எந்த இன்னலும் ஏற்படாது
these heroic rangers of the skies will be respected in all the worlds, உன் வருத்தம் தீரட்டும்
and capable of assuming any form at will, உன் வருத்தம் தீரட்டும்
and the prajapati, நீயே எல்லோருக்கும் தலைவனாக இருப்பாய்
gratied with all that took place, நீயே எல்லோருக்கும் தலைவனாக இருப்பாய்
then addressed indra of a hundred sacrices, இனி எப்போதும்
saying, இனி எப்போதும்
thou shalt have two brothers of great energy and prowess, பிரம்மனின் பெயரை உச்சரிப்பவர்களைச் சிறுமைப்படுத்தாதே
who shall be to thee even as the helpmates, பிரம்மனின் பெயரை உச்சரிப்பவர்களைச் சிறுமைப்படுத்தாதே
from them no injury shall result unto thee, கோபக்காரர்களை
let thy sorrow cease, கோபக்காரர்களை
thou shalt continue as the lord of all, இடியைப் போன்ற வார்த்தைகளை உச்சரிப்பவர்களை அவமதிக்காதே என்று அறிவுரை கூறினார்
let not, இடியைப் போன்ற வார்த்தைகளை உச்சரிப்பவர்களை அவமதிக்காதே என்று அறிவுரை கூறினார்
however, இதைக் கேட்ட இந்திரன் பயத்தை விட்டு
the utterers of the name of brahma be ever again slighted by thee, இதைக் கேட்ட இந்திரன் பயத்தை விட்டு
nor let the very wrathful ones, தேவலோகம் சென்றான்
whose words are even the thunderbolt, தேவலோகம் சென்றான்
be ever again insulted by thee, வினதையும்
indra, வினதையும்
thus addressed, தனது நோக்கம் நிறைவேறியதால்
went to heaven, தனது நோக்கம் நிறைவேறியதால்
his fears dispelled, மிகவும் மகிழ்ந்தாள்
and vinata also, மிகவும் மகிழ்ந்தாள்
her purpose fulfilled, அவள் அருணன் மற்றும் கருடன் ஆகிய இரு மகன்களைப் பெற்றாள்
was exceedingly glad, அவள் அருணன் மற்றும் கருடன் ஆகிய இரு மகன்களைப் பெற்றாள்
and she gave birth to two sons, குறை உடலுடன் பிறந்தவனான அருணன் சூரியனுக்குச் சாரதியாக நின்றான்
aruna and garuda, குறை உடலுடன் பிறந்தவனான அருணன் சூரியனுக்குச் சாரதியாக நின்றான்
and aruna, கருடனுக்குப் பறவைகளின் தலைமை கொடுக்கப்பட்டது
of undeveloped body, கருடனுக்குப் பறவைகளின் தலைமை கொடுக்கப்பட்டது
became the fore-runner of the sun, ஓ பிருகுவின் வழித்தோன்றலே! சௌனகரே
and garuda was vested with the lordship over the birds, ஓ பிருகுவின் வழித்தோன்றலே! சௌனகரே
o thou of bhrigus race, கருடனின் பெரும் சாதனைகளைக் கவனமாகக் கேளும் என்றார் சௌதி
hearken now to the mighty achievement of garuda, கருடனின் பெரும் சாதனைகளைக் கவனமாகக் கேளும் என்றார் சௌதி
